cov_n100,len_n100,cov_n200,len_n200,cov_n300,len_n300,cov_n500,len_n500,cov_n800,len_n800,cov_n1200,len_n1200,cov_n1500,len_n1500
1,50.44930294,1,33.58684769,1,27.29687798,1,20.49910929,1,43.2985191,1,22.78672238,1,23.93438498
1,37.25684086,1,33.13862835,1,30.45105271,1,21.81707284,1,23.14829414,1,25.15542172,1,22.22913349
1,62.23283168,1,33.50521444,1,30.83840153,1,24.51823185,1,20.82686477,1,21.95480706,1,23.13679564
1,41.98793572,1,35.50745359,1,23.53279278,0,26.2282072,0,20.73750853,1,22.82199039,0,20.97049322
1,30.73507993,1,29.42240375,1,22.70015407,0,33.07617057,1,22.3995875,1,30.0411715,0,23.52002953
1,37.52926829,1,34.57601719,1,30.82574865,1,21.6513648,0,22.04851081,1,29.15999738,1,25.3848537
1,43.95230588,1,34.73699713,1,37.38545103,1,28.33407201,1,35.33040337,1,20.57367658,1,22.688108
1,59.28766602,1,28.63974793,1,28.94552237,1,22.29468739,0,29.17458942,1,21.0548886,0,21.16279024
1,52.8068883,1,35.62550086,0,29.11912558,1,23.16945717,1,23.98018892,1,21.06713788,1,21.20578562
1,33.25288622,1,24.70570865,1,21.53489854,1,21.39627849,1,29.81386924,1,34.64241386,1,23.53227149
0,37.42568391,1,29.92374999,1,24.35964415,1,23.39333602,0,23.18015272,0,22.08833604,1,23.55521484
1,34.38975271,1,29.23759049,1,26.02769476,1,22.74825075,1,24.58862292,1,30.49891239,1,22.923637
1,40.49306653,1,25.88553858,1,31.03396163,1,27.28173289,1,23.14560952,1,28.86919996,1,31.77015058
1,52.86789014,1,25.33869867,1,25.24547287,1,21.95257181,1,22.0198106,1,30.98400649,1,26.08060259
1,49.2325178,1,28.46943881,0,21.83870509,1,33.31009093,1,21.90408811,1,30.82121071,1,33.00406563
1,40.10847405,1,33.090463,1,26.86849617,1,22.77632245,1,21.96946908,1,24.78399897,1,24.58617044
1,34.9669773,0,28.62998184,1,25.13418137,1,25.34745626,1,27.75634127,0,20.60788421,1,25.61631587
1,37.88484044,1,24.35656996,1,36.28437153,1,26.06814503,1,30.70772703,1,23.25045157,1,29.43889481
1,31.55460938,1,30.03331949,0,28.96602212,1,42.27386559,1,21.70357073,1,24.14932225,1,29.85717994
1,46.30873945,1,28.10924103,1,25.06302186,1,29.73366302,1,31.61429982,1,30.42239561,1,21.58030891
1,47.16028591,1,24.67404498,1,28.66418207,1,27.54958155,1,20.28166186,0,24.88114236,1,21.24433813
1,33.1576191,1,25.82854325,1,28.2585798,1,30.74027832,1,24.83140904,1,31.68310839,1,32.15985827
1,43.35773414,1,34.33072742,1,24.97034271,1,22.6151868,1,32.64171357,1,20.48561603,1,24.52810769
1,47.15093708,1,28.65288472,1,24.53276915,1,30.80033871,1,36.97289197,1,20.2891047,1,22.58731353
1,42.19190572,1,39.68057358,1,29.07302609,1,27.6185972,1,31.01858303,1,22.53237663,1,21.7259396
1,29.27225014,1,43.64025451,1,21.7125584,1,27.13628956,1,29.78973438,1,21.66365205,1,23.54161516
1,46.43903322,1,27.31842449,1,28.23983947,1,24.18640388,1,22.78400417,1,23.81016397,1,23.55188583
1,54.05850913,1,30.27078115,1,23.57200331,1,21.32832192,1,29.51881414,1,22.08589954,1,26.09164995
1,41.32358076,1,35.40464065,1,24.45007119,1,27.69593079,1,28.77253199,1,23.72183585,1,22.18644737
1,31.2197771,1,33.35701134,1,19.0645276,1,30.12593036,1,28.0589341,1,21.41490894,1,24.6860304
1,44.16152218,1,34.26033215,1,20.85993197,1,21.68830362,0,22.22893697,0,22.94360739,1,34.210975
1,38.13702856,1,23.40893602,1,30.40899331,1,26.49157032,1,27.13519009,0,22.96239747,1,25.06658073
1,34.31193839,1,27.24557607,0,22.67589546,1,30.65517783,1,24.59249151,1,23.82467936,1,23.0591136
1,36.75376076,0,28.0049424,1,31.1444443,0,24.71927591,1,27.10773418,1,33.98192783,1,21.65386728
1,37.80519821,1,28.93855384,1,28.72796463,1,21.50833457,1,25.50093395,1,20.77362567,1,20.8989805
1,34.35171755,1,34.92506891,1,24.6867634,1,22.29549249,1,20.95887044,1,20.38713384,1,23.20250805
1,42.21072192,1,25.91453867,1,24.38248933,1,25.47196536,1,27.26484448,1,23.25935115,0,21.73091012
1,51.25619041,1,29.81667653,1,33.38569223,0,28.80666423,1,23.14532768,1,29.93500266,1,37.52046799
1,58.91698125,1,21.98539444,1,23.42270537,0,35.92553716,1,35.53113368,1,26.41942252,1,22.1172415
1,34.77249606,0,23.36021314,1,28.94334196,1,27.21809089,1,21.91497184,1,30.19792506,1,22.19543671
0,34.36173993,1,31.81067519,1,24.81033773,1,21.84561271,1,29.54357524,1,42.58546831,1,21.19916971
1,43.82556946,1,20.99558045,1,25.02177302,1,23.86326374,1,20.83859738,1,21.54717962,1,24.19196707
1,46.62187477,1,31.14523821,1,20.60512558,1,23.1364096,0,20.24893519,1,21.0030936,0,23.75927374
1,52.1392624,1,30.00291425,1,21.34142785,1,38.81322356,1,23.54906263,1,21.20103823,1,24.10214152
1,31.72697058,1,28.83590938,1,22.76042224,1,27.38852105,1,23.17027166,1,23.24909599,0,22.40679658
1,35.45397706,1,30.43356873,1,28.19008359,1,28.66656073,1,27.7006324,1,23.10228047,1,21.85516904
0,39.63112465,1,34.18887048,1,25.85051793,1,28.83856261,1,31.23487504,1,22.01214752,1,22.03272129
0,42.00344305,1,31.79475933,1,28.01973991,1,30.53839715,1,23.42446603,1,23.73522554,1,26.12238501
1,40.13688312,1,29.66587964,1,20.21003255,1,20.74181576,1,28.78166467,1,22.1657179,0,21.16261846
1,28.53551407,1,27.67537049,1,24.67023843,1,21.67419132,1,24.27433666,1,23.64441762,1,23.84586867
1,49.94193079,1,25.75612786,1,25.24091675,1,30.93821183,1,22.99003022,1,24.87338063,1,22.01271493
1,32.38072222,1,27.08897181,1,29.09491525,1,21.82655889,1,25.75372274,0,23.75287762,1,29.8602572
1,32.27559531,1,33.34918727,1,30.75012664,1,21.79690232,1,21.31823222,1,27.24681592,1,20.95264428
1,60.20527403,1,30.05171757,1,28.69325919,1,27.79115423,1,28.87364117,1,22.58145132,1,24.02348477
1,42.82773989,1,35.56288742,1,37.43284589,1,24.60253109,1,25.33982205,1,23.00879791,1,23.50855938
1,40.67986653,1,30.08707051,1,33.52496972,1,28.64862196,1,29.7083611,1,22.99873662,1,23.22795412
1,31.34763073,1,35.06968205,1,38.75889211,1,20.63050401,1,31.4590398,0,21.3438771,1,31.43701879
1,61.35710291,1,29.4491842,1,23.79015426,1,21.48324631,1,22.6927151,1,28.90778125,1,21.82702898
1,38.28628046,1,34.96828886,1,22.560139,1,28.7293601,1,20.55457413,1,29.46216138,1,30.48251586
1,51.27325702,1,26.75684008,1,23.31845914,1,22.87635557,1,20.80779123,1,24.21591453,1,23.33674063
1,39.78641452,1,30.48203499,1,29.59907256,1,24.34581521,1,30.87322764,1,25.81263509,1,25.28756996
1,52.58851282,1,32.5998145,1,21.08411237,1,25.07223369,1,28.8302887,1,24.04664987,0,23.2277491
1,47.57563098,1,34.19832985,1,34.31138958,1,30.09016126,0,31.22748739,1,32.6228252,0,22.37689012
1,34.73635535,1,28.66545376,1,24.71544414,1,28.51535801,1,21.06771487,1,20.90077677,1,25.35345529
1,37.78184382,1,21.54074326,1,27.01603503,1,28.79393706,1,24.01746962,1,23.19582826,1,22.88498306
1,57.01036189,1,22.38609195,1,21.34159429,1,29.64388126,1,25.39558943,1,23.79767032,1,36.17048054
1,45.88913621,1,25.96938354,1,27.1226033,1,28.7553896,1,25.60608626,1,23.77368302,0,35.83191081
1,42.23683098,1,41.80642069,0,30.99357422,1,20.98319141,0,22.8433351,1,23.58067931,1,26.14840184
1,41.9069958,1,34.00984131,1,36.96903985,1,22.74297847,1,19.31864571,1,23.91972192,1,21.84765075
1,40.26524543,1,23.65933612,0,24.24878461,1,23.43828945,1,31.39916939,1,24.63102418,1,24.67452766
1,40.88246838,1,33.74727601,1,31.66264791,1,27.91538482,0,29.80915751,1,25.67908429,1,42.98889972
1,33.19454304,1,28.97108535,1,24.56945993,1,28.04579221,1,20.98545145,1,30.60520748,1,25.71172396
1,40.92884835,1,41.49867909,1,26.13825595,1,23.27212879,1,33.66832881,1,25.38807574,1,24.60596468
1,44.06901194,1,29.15865836,1,26.36128236,1,31.21103466,1,31.32695799,1,22.11476821,1,21.60917469
1,40.75627069,1,28.81985324,1,24.84878409,1,29.07146463,1,24.26443945,1,20.91237958,1,24.4656463
1,33.47609995,1,28.6600303,0,25.76323471,1,21.8272888,1,22.18777066,1,24.2152158,1,30.22757741
1,34.16623881,1,50.44116464,1,23.59496614,0,20.69192629,1,27.37797416,1,30.15175984,1,30.87737809
1,37.93206591,1,26.95170979,1,29.78707087,1,34.63641304,0,32.688642,1,20.84821909,1,22.45267534
1,34.44561798,1,26.25783756,1,25.59863684,1,40.85404705,1,24.17713763,1,22.75739749,1,22.57570192
1,44.13910368,1,36.91604023,1,23.89824245,1,24.51926652,1,23.3063695,1,24.62648927,1,28.78996044
1,44.17505813,1,34.14815991,1,24.08948459,0,36.4366042,1,22.43513438,1,24.53979968,1,24.30841319
1,45.42157996,1,37.15288234,1,37.91377165,1,23.65483327,1,19.16003302,1,23.37770341,1,25.73471235
1,39.4525182,1,35.90094408,1,33.53587608,1,30.1210775,1,31.5761613,1,30.14947863,1,19.69925822
1,37.53625143,1,22.40002926,1,21.92784922,1,31.7424589,1,23.18702157,1,22.92676974,1,31.64731428
1,34.65039746,1,25.89749367,1,23.74787001,1,21.7425702,1,27.07895586,1,24.34111955,1,35.2061585
1,36.56997614,1,39.03548585,1,35.668272,1,27.97690137,0,21.92493529,1,23.88333043,1,25.13459329
1,34.45713786,1,38.85191174,1,28.33379891,1,24.93721476,1,28.251868,1,23.43854759,1,29.64141299
1,53.88098601,1,26.19878598,1,24.17259422,1,21.5901937,1,20.85643106,1,29.79941352,1,32.83516652
1,41.89611034,1,24.57630634,0,20.69537719,1,21.01029762,1,27.23870094,1,22.56608022,1,33.60729088
1,31.98133691,1,23.88140825,1,40.10446663,1,24.52519551,1,27.92273189,1,24.1505355,1,20.26983057
0,27.01515705,1,26.39484198,1,33.4950161,1,21.92383408,1,23.12552579,1,22.1712774,1,23.14331868
1,76.93334841,1,31.24032358,1,22.93370213,1,29.9676568,1,23.38614725,1,24.02172707,1,22.75092208
1,44.08744539,1,39.14207272,1,21.8954519,1,22.95906236,1,22.26576452,1,21.88168299,1,22.77302927
1,38.18892317,1,39.69485313,1,27.54186284,1,22.87107042,1,28.43672332,1,22.25684367,1,24.06368531
1,37.6185313,1,42.63849344,1,21.22248844,1,22.39799461,1,24.09408196,1,22.67356287,1,28.80366155
1,44.58133098,1,34.05521763,1,24.01187252,1,29.15425682,1,31.23701597,1,31.13773575,1,19.96754159
1,45.69213627,1,30.61978668,1,30.85821287,1,20.76419253,1,21.61643114,1,23.38012528,1,28.1441583
1,55.79639767,1,25.97231576,1,36.24085634,1,22.98484123,0,20.48317808,1,19.61342445,0,23.41158263
1,49.44643957,1,28.37668687,1,25.0310095,1,30.2390612,0,21.00279786,1,29.89975481,1,31.92641356
1,37.19722165,1,29.45880223,1,32.2835519,1,21.12008205,1,27.33591754,0,24.1114436,1,25.05391022
1,41.65594364,1,25.07776259,1,31.94279607,1,21.61906403,1,22.96977774,1,22.7985478,1,31.45945474
1,35.45691415,1,26.30698713,1,25.56852476,1,20.14218588,1,26.70858585,1,24.95476699,1,22.13740196
1,50.27153655,1,32.03921979,1,26.61294133,1,35.52107816,1,27.59319979,1,22.3158309,1,33.1130436
1,47.60086506,1,29.07120667,1,27.6715133,1,22.06631423,1,26.28649735,1,22.44392685,1,32.06428667
1,42.57655077,1,35.91231502,1,29.888405,1,23.36462534,1,32.34164382,1,23.43616492,1,32.12343577
1,36.25592353,1,30.15351818,0,28.46178377,1,25.80273771,1,23.74924212,1,22.49289202,1,23.12246344
1,39.51444527,1,30.82703787,1,34.80639707,1,20.7333405,1,24.8786966,0,28.54550153,1,21.87972887
1,42.3973048,0,31.35236593,0,23.52482346,1,33.99324751,1,22.94878959,1,23.51610519,1,22.78501103
1,33.47734935,1,32.08097785,1,29.82344559,1,21.46125531,1,22.20379955,1,23.0189666,1,22.62707072
1,50.87899762,1,36.73993742,1,24.62593209,1,23.87070254,1,21.87950769,1,29.36789596,1,29.77818019
1,39.71013195,1,29.4106061,0,34.02064929,1,31.76100515,1,25.56629269,1,23.58695661,1,19.11077331
1,36.61128245,1,29.68871534,1,30.15894083,1,22.06916517,1,25.11526799,1,22.51669243,1,24.73879091
1,38.75746518,1,31.03452905,1,28.24059152,1,24.65295113,1,26.78305647,1,23.13768521,1,23.33402593
1,35.12105031,1,31.49138282,1,23.47753387,1,26.22399927,0,23.18734888,1,23.00848047,0,23.34790549
1,35.52398658,1,37.81098874,1,29.65956439,0,28.64658328,1,38.22719604,1,22.69800711,1,31.37529881
1,51.32071026,1,32.66578893,1,23.96082632,1,23.30720442,1,23.84727553,1,22.28869548,1,30.23654909
1,42.45092566,0,36.74480919,1,21.4675087,1,27.97199565,1,24.45826074,1,30.08823566,1,23.75941093
1,47.63757099,1,24.20355849,1,30.13536331,1,31.76492477,1,29.95824664,1,29.19910595,1,24.46421506
1,48.24882052,1,23.82792607,1,29.33833461,1,21.59632114,1,22.38902691,0,25.33179201,1,30.66442457
1,41.5815678,1,29.58496514,1,34.71959727,1,23.49305032,1,23.72190571,1,20.56489442,1,32.98964453
1,47.1960509,1,27.09964221,1,22.49689429,1,20.96931412,1,22.23527935,1,35.52554557,1,22.95428162
1,53.40659303,1,31.438356,1,25.06500426,1,23.59126037,1,21.14855481,1,23.15422786,1,21.79240831
1,59.05057954,1,35.00855585,1,27.62487032,1,30.96474634,1,23.60451267,1,25.9602984,1,20.89519446
1,37.06457329,1,25.54039761,1,26.86633407,1,30.97258239,1,24.92694512,1,20.80947914,1,28.37906521
1,48.69974665,1,30.63955713,1,31.56473725,1,22.55905282,1,35.77313282,1,25.98146479,1,22.21639221
1,25.28394341,1,31.21792004,1,26.66580969,1,30.526872,1,25.37001283,1,32.5469743,1,23.10362503
1,44.41222427,1,23.61238186,1,22.54773748,1,31.37736028,1,32.0990799,1,23.51680234,1,22.61203182
1,38.67421388,1,23.60082674,1,21.93327899,1,22.02358616,1,22.53268999,1,21.27508256,1,22.79590704
1,43.51201256,1,28.73999141,1,34.12897155,1,25.77317422,0,22.58447003,1,23.11021886,1,26.90465563
1,46.547763,1,30.66411119,1,29.37139321,1,33.61359776,1,23.41937928,1,21.07795734,1,21.02065966
1,40.25183616,1,27.07401821,1,21.09685205,1,21.80879377,1,21.7982394,1,24.5030029,1,22.68891731
1,35.00179151,1,28.25488717,1,22.96258772,1,20.26402125,1,21.07980551,1,23.78781198,1,22.773644
1,39.10790041,0,19.46841579,0,27.83714309,1,21.78173035,1,31.26034623,0,24.12318496,1,21.33013444
1,34.28443938,1,30.48703816,0,21.63879056,0,24.55039355,1,23.24200151,1,22.57855582,1,23.34626459
1,43.24726844,1,31.14403266,1,28.72187047,1,21.79178044,1,23.48404501,1,21.32164203,1,23.29905673
1,45.77994611,1,28.24747238,1,34.90669685,1,36.17544925,0,23.20382479,1,27.79832611,1,34.53229403
1,40.68040128,1,27.13383413,1,31.39814265,1,22.48679945,1,23.79499561,1,22.47652669,1,24.74044287
1,44.22086453,1,31.36456424,1,28.99658975,1,23.49129321,1,24.83808898,1,21.18834762,1,23.40573685
1,37.48056308,1,31.5176157,0,25.20590023,1,20.76310215,1,21.99338648,1,39.83506633,1,22.30032664
1,35.55824743,1,27.31427195,1,30.53641289,1,23.76674447,1,23.43796554,1,20.58694742,1,24.31151085
1,47.19772285,1,28.82647131,1,29.45879771,1,30.76086161,1,22.16668445,1,23.63383571,1,20.84568424
1,33.71196529,1,23.40114115,1,28.54383821,1,26.78982791,1,24.38500166,1,29.69834721,1,22.53034615
1,37.24335776,1,20.85253462,1,27.59903528,1,22.79522906,1,23.32999542,1,20.79457491,1,24.57177848
1,37.56657735,1,34.82321719,1,20.95134317,1,30.49504067,1,21.95121377,1,22.95608598,0,23.38458503
1,41.62076229,1,28.74042755,0,19.9910656,1,22.0939527,1,29.15132272,1,21.70093047,0,21.39881384
1,40.01167514,1,23.31802603,1,21.34331914,1,34.7075974,1,24.99104702,1,28.03984024,1,22.55308961
1,33.09410868,1,34.14738846,1,22.60778135,1,30.69191363,1,24.28348421,1,23.82769791,1,30.60780361
0,42.0237738,1,24.39088971,1,28.17886147,1,24.71624619,1,30.25965945,1,24.36840252,1,24.57737153
1,39.38088247,1,24.16875423,1,26.97425088,1,23.74224857,1,21.0826438,1,21.53709979,1,21.94107329
1,40.12236253,1,28.73524385,1,34.84371335,1,30.83257619,1,22.64755352,1,22.16469707,1,32.37314491
1,35.71533214,1,36.84780062,1,27.98461424,1,29.58471274,1,34.22315813,1,21.72423844,1,23.53837396
1,45.1284988,1,27.65669836,1,27.4029979,1,24.38710749,1,23.14747245,1,30.44444723,1,22.54487547
1,24.6587763,1,30.71146276,1,20.97080211,1,32.32780057,1,28.56473636,1,23.05943021,1,29.40233833
1,33.85266275,1,33.22425453,1,22.63763029,1,27.08539481,1,23.80390456,1,24.12606391,1,22.35640442
1,37.07467485,1,24.84028373,1,19.70112011,1,22.66248338,1,24.3501205,1,19.95037818,1,30.05960523
1,45.79741909,1,27.87692489,1,25.57425476,1,22.10920247,1,23.91324999,1,33.54369589,1,21.80260136
1,39.54144521,1,36.07223467,1,33.52884891,0,38.43071899,1,22.8270442,1,22.90629893,1,23.73093007
1,54.37328688,1,35.2427847,1,19.615927,1,27.8532524,1,22.81070053,1,23.15852347,1,23.59984817
1,40.56816966,1,33.55187547,1,25.66496974,1,20.2632201,0,22.41177159,1,20.88978286,1,22.23347155
1,48.41557304,1,40.25166107,1,22.32240772,1,19.77924993,1,30.9648581,1,25.44837261,1,23.20489765
1,33.7463699,1,34.94710526,1,35.83625842,1,26.10151604,1,33.5321581,1,23.84670336,1,22.53086184
1,37.62968074,1,34.62338485,1,29.15258112,1,30.34017012,1,37.06901812,1,30.47575656,1,26.1392219
1,40.45761094,1,36.17021563,1,29.49621756,1,21.95787264,1,24.46099035,1,23.61284925,1,24.54859001
1,44.99116808,1,29.25994703,1,28.73360475,1,28.36440237,1,23.33505405,1,25.41054877,1,23.30162374
1,56.21045554,1,22.16438064,1,28.87556165,1,28.36534713,0,22.66040467,1,29.85588077,1,23.44099606
0,42.15581676,1,25.80553694,1,31.95417576,1,22.52015316,1,20.99366561,1,22.14619809,1,24.61817387
1,44.10059668,1,29.7117571,1,32.15718144,0,26.70255992,0,27.2258762,1,21.35495826,1,23.62871206
1,39.29227714,1,27.62999752,1,28.84180224,1,32.22999914,0,23.02586715,1,22.79845736,1,21.4702956
1,31.55164827,1,23.9904649,1,29.4171,0,22.28447708,1,22.49462545,1,21.87309231,1,22.62945989
1,29.3102747,1,35.32616449,1,21.53263905,1,24.4308109,1,22.57471728,0,24.63704869,0,30.57128365
1,35.51235086,1,26.14432827,1,28.4723192,1,26.68133588,1,23.31852867,1,21.14642558,1,22.70635375
1,37.48522574,1,27.92752037,1,31.79618328,1,23.73512962,1,22.60138463,1,30.71732259,1,22.42200486
1,48.31822113,1,23.30901921,1,22.35525233,1,21.46262682,1,30.33430222,1,25.92342835,1,30.41758984
1,41.78928706,1,27.9821477,1,27.00892073,1,21.75250613,1,26.65932599,1,24.42583035,1,24.00805305
1,46.96845996,1,35.03771543,1,28.95926184,1,29.64587426,1,24.20325929,1,22.68817697,1,23.68918162
1,40.06197231,1,24.42609401,0,30.8675984,0,28.77878115,1,21.78310472,1,21.33176559,1,25.49975055
1,37.27205131,1,28.94959212,1,28.16186732,1,30.61736596,1,21.28268695,1,20.80559675,1,22.11876398
1,43.232909,1,33.00195868,1,30.60626601,0,24.43522461,0,21.22158702,1,22.72095031,1,23.54340389
1,36.64275507,1,33.09921878,1,29.98649676,1,21.28335051,1,32.88670727,1,22.85289059,1,25.72660216
1,38.65243065,1,30.5901041,1,26.88185566,1,23.14465786,1,36.51063443,1,24.70300552,1,23.28008293
1,39.43463674,1,34.68525181,0,21.8470028,1,30.79717906,1,20.24998632,1,22.46602251,1,22.34504065
1,40.4697187,1,25.93548959,1,36.23869069,1,29.97054925,1,20.58899869,1,30.71122985,1,25.87128618
1,67.87302656,1,32.23635802,1,23.49336324,1,30.63087268,1,26.33702593,1,26.33553752,1,22.42247769
1,40.49725841,1,35.3105318,1,21.21720047,0,27.99775097,1,20.39475087,1,32.97324225,1,24.41069463
1,37.69507002,1,25.45212883,1,23.63035476,1,21.08777237,1,20.89765736,1,22.71733034,1,24.20237436
1,44.54857612,1,21.4747153,1,19.91179016,1,29.5040075,1,23.80539745,1,21.1083781,1,23.13561591
1,35.94644699,1,31.68608855,1,29.031171,1,32.47266947,1,21.03044357,1,30.32025825,1,23.70816251
1,43.57937332,1,28.42843756,1,22.36856549,0,22.6635494,1,21.90437833,1,23.22878717,1,20.6869328
1,31.6315655,1,38.06031268,1,25.9392625,1,20.71219206,1,28.08208423,1,32.6893391,1,32.37828062
1,40.81116112,1,28.45878766,1,42.13592995,1,37.14524067,1,22.93990053,1,30.42832753,1,24.34248307
1,40.36871761,1,40.27595622,1,32.71550412,1,29.66368,1,25.77098542,1,22.34561158,1,20.36701025
1,43.46102685,1,31.32839352,1,23.14707547,1,24.19109287,1,29.48493529,1,23.62220898,1,32.0003279
1,49.76604692,1,35.83509257,1,30.47168658,1,23.44490462,0,24.47218981,1,26.4300569,1,20.20187582
1,53.55562184,1,31.82495422,1,29.96210508,1,27.49360997,1,24.27362686,1,33.81725823,1,20.12671827
1,44.54913238,1,28.92538524,1,36.15899595,1,29.23209353,1,22.70814147,1,22.89122792,1,22.34013496
1,47.28738163,0,24.65463843,1,29.72148246,1,22.89307761,1,32.42831586,1,28.59948991,0,21.62206108
1,40.787711,1,31.74283385,1,27.62704572,1,28.76848347,1,21.02674956,1,30.52630571,1,24.009807
1,55.04097759,1,22.5730967,1,30.66506541,1,25.85440187,1,25.3251087,1,22.75809143,1,23.39365738
1,38.80753949,1,34.15414892,0,30.49761942,1,22.05431738,0,21.28890299,1,31.31210231,1,28.97527222
1,39.02866679,1,32.58799274,1,25.3282407,1,22.6843473,1,20.88757518,1,22.78329392,1,22.30988362
1,37.34298792,1,29.6475087,1,32.18427564,0,28.99319639,1,28.13911822,1,29.6977173,1,22.05300556
1,54.42065159,1,29.0920548,1,26.26647274,1,21.34714809,1,21.54693343,1,22.69758855,1,22.78493466
1,37.9635436,1,28.80362456,1,29.31893936,1,30.3760215,1,28.76979859,1,22.09412837,1,30.79166404
1,40.19550543,1,39.50140686,0,25.07287449,1,30.05055867,1,21.42624473,1,36.5803669,1,22.16956407
1,33.14661311,1,28.72240806,1,22.35202215,1,25.13980179,1,22.35649119,1,25.83663672,1,22.14407007
1,40.03957355,1,31.52353821,1,22.67255443,1,22.74086789,1,31.07230804,1,23.28717581,1,23.4813626
1,32.91713851,1,25.68761464,1,26.40303259,1,31.47667135,1,21.79699215,1,32.55201833,1,21.8166124
1,41.05078945,1,25.33476308,1,36.9184326,1,23.0847246,1,23.13339381,1,22.19958912,1,22.40193183
1,35.31030472,1,36.34079941,1,23.0505205,1,20.98641786,1,25.01360948,0,22.77867035,0,25.52378571
1,51.05606126,1,37.13092103,1,22.97109326,1,31.56965318,1,22.60010064,1,22.72786245,1,21.82046794
1,41.36302517,1,40.39405509,1,26.51117129,1,29.40398952,1,22.26880537,1,22.72936499,1,33.80308967
1,48.97701758,1,22.30658137,1,27.08382389,1,22.91609313,1,21.16029758,1,20.8519771,1,23.35983912
1,42.36799426,1,37.57070882,1,27.47404569,0,21.85717012,1,23.10626013,1,24.19010708,1,28.82393283
1,49.55910345,1,22.42781096,1,23.4385477,1,36.29941052,0,27.16192168,1,20.88544513,1,24.63587321
1,41.84078648,1,27.56534592,1,28.94618501,1,25.95079692,0,19.98658243,0,22.22569405,1,35.7339414
1,41.42147546,1,32.06810668,1,25.65855041,0,21.86097376,1,22.21411706,1,22.06379548,1,21.44038749
1,46.79031903,1,29.76901134,1,23.11162226,1,22.12776096,1,21.15719619,0,29.11886544,1,24.89971256
1,47.09915548,1,30.17350024,1,31.64831802,1,21.65391052,1,22.28735817,1,23.05773564,1,20.82687543
1,47.68081678,1,39.70885387,1,28.89488376,1,24.52542523,1,21.57774098,1,23.04430474,1,24.19929471
1,38.79700135,1,40.47419522,1,34.689308,1,21.73380895,1,33.60405236,1,22.81837814,1,22.83794173
1,48.61368723,1,32.75428541,1,35.11366883,1,22.55682644,1,22.75382251,1,22.25354474,1,22.27935778
0,46.2655645,1,32.93846545,1,25.15599678,1,42.73930572,1,26.12590758,1,22.18522315,1,24.28881364
1,37.83735493,1,37.07481683,1,22.12351626,1,27.45067996,0,31.70300993,1,22.6659946,1,23.11800539
1,59.35715107,1,33.87572327,1,23.80039533,1,31.46973664,1,19.45282365,0,21.12791792,1,24.59870879
1,43.06623987,1,28.20112526,1,27.96330181,1,23.77729779,1,20.9086355,1,28.29992147,1,21.77920582
1,39.12000847,1,36.48224086,1,21.09411849,1,21.64079055,1,22.96436524,1,23.92842334,1,24.22669341
1,44.61389719,1,25.66011673,1,27.93312532,1,29.31588601,1,22.17025614,1,23.90572161,1,22.4319509
1,35.08828563,1,35.16586531,1,25.07423125,1,20.50768213,1,20.82146815,1,31.45052562,1,25.69989519
1,45.24617685,1,43.41827974,1,24.7044303,1,25.05732538,1,23.08979865,1,25.96710843,1,21.85022058
1,41.61722773,1,33.95366918,1,28.41524372,1,26.15893191,1,23.694711,1,21.2676878,1,22.921647
1,52.34976591,1,28.11777115,1,34.03233058,1,23.54147971,1,32.34362676,1,32.20071532,1,23.61106137
1,44.61432628,1,36.81876475,1,22.43165203,1,22.09067263,1,25.86649418,1,23.96306674,1,29.60335214
1,56.3363171,1,39.76231705,1,32.00473898,1,28.87872955,1,21.36756099,1,22.72021239,0,20.9512422
1,36.86243201,1,28.47355183,0,30.91690658,1,29.30083612,1,32.41718425,1,23.24166842,1,22.94514395
1,42.5978408,1,24.93653161,1,40.86759596,1,25.15866365,1,32.70245594,1,24.1778272,1,19.99844934
1,31.1357343,1,42.89843667,1,22.01360691,1,34.51551156,1,25.34454075,1,32.72440286,0,30.44401587
1,39.2856084,1,33.35685454,1,23.11853647,0,25.83631631,1,31.42939405,1,23.43834466,1,23.0662234
1,41.38508222,1,29.35344266,1,28.09835085,1,30.08591233,1,22.88787157,1,23.8444612,1,23.59601703
1,37.06372266,1,28.22126808,1,31.53543736,0,20.4896332,1,33.07687927,1,23.81146991,1,22.90751433
1,48.73039477,1,24.48072716,1,32.90706875,0,25.30958541,1,21.49985047,1,25.79761958,1,22.96806203
1,45.33546566,1,28.61082499,1,25.34629931,1,29.99951341,1,30.08629372,1,31.80503692,1,24.65880803
1,39.88270218,1,34.30919264,1,24.72585825,1,23.03810296,0,23.29899006,1,21.77379877,0,21.52950225
1,36.432572,1,28.52303826,1,34.8258464,1,26.09182584,1,28.71592157,1,31.64888356,0,23.20445652
1,51.97562909,0,30.29543964,1,23.39595907,1,23.2052163,0,22.12558097,1,21.75652715,1,21.85641692
1,44.74900131,1,25.23006084,1,26.94090696,1,25.41615607,1,22.63417308,1,34.48201259,1,31.35681636
1,34.35570782,1,28.63483184,1,22.75327966,1,25.46920878,1,22.69011994,1,22.82217736,1,23.53111271
1,39.67681589,1,26.36897902,0,28.24365562,1,23.60334143,1,25.64083828,1,23.82699439,1,25.17949836
1,35.01805698,1,28.30632049,1,25.1776832,1,30.56450405,1,22.92205275,1,21.93696867,1,21.4182006
1,39.13482552,1,26.1511415,1,21.37214956,1,29.74558112,1,31.15918362,1,23.30116266,1,25.64350361
1,32.60785219,1,32.82716486,1,22.9203354,1,22.96491445,1,24.17669523,1,22.42424825,1,23.41512161
1,38.45528441,1,35.88066754,1,23.8926006,1,30.24534643,1,20.83596998,1,23.72480921,1,20.65625676
1,47.30219273,1,24.02371662,1,24.75380007,1,25.39276394,1,22.87107661,1,27.31785029,1,21.60001799
1,33.9308305,1,31.87964878,1,23.44284529,1,27.04841632,1,31.02610622,1,30.34908956,1,27.21003542
1,35.35740358,1,34.81255755,1,24.1253889,1,25.59403808,0,22.69139154,1,25.24632301,1,21.60268538
1,39.73368641,1,37.13083383,1,38.90314696,1,24.61264074,1,22.28570855,1,20.71611718,1,23.43044022
1,47.28141075,1,38.68111347,1,25.78708837,0,21.64344105,1,22.91126539,1,22.27940166,1,34.20636532
1,34.22348667,1,24.20275053,1,33.92232038,1,21.94536904,1,20.38478508,1,22.7824472,0,25.50465674
1,44.80524506,1,26.66074509,1,25.18357724,1,32.94495606,1,22.19392479,1,24.35531275,1,25.8010946
1,33.71421973,1,41.59148812,1,36.35607898,1,21.44061041,1,24.98137091,1,24.06158815,1,22.10350859
1,41.83482853,1,23.68331306,1,20.56889261,1,21.87687813,1,23.91849034,1,24.5194572,1,21.55527116
1,44.16866041,1,26.5796995,1,33.05808537,1,23.71436929,1,31.14386407,1,22.7141298,1,28.40407146
1,33.5839722,1,27.98994292,1,30.31135554,1,30.167547,1,27.84485505,1,20.81843378,1,22.85840037
1,37.91544511,1,29.90339624,1,23.85009007,1,24.38952231,1,30.16183104,1,24.04155908,0,22.10357766
1,43.16608732,1,30.36319584,1,21.6858458,1,30.82861242,1,20.77510283,1,21.88865451,1,23.0688101
1,55.415834,1,25.92849324,1,37.20669655,0,20.27749781,1,22.35468746,1,23.42276579,1,24.38726522
1,40.151445,1,25.30211995,1,28.9097918,1,22.901967,1,23.13236774,0,32.60265206,1,21.25921314
1,42.42729951,1,33.33608521,1,27.11876165,1,24.73993927,1,22.51624104,0,23.9301795,1,23.19604116
1,58.26634229,1,38.03717879,1,23.18467122,1,46.46875641,1,20.38155358,1,22.33387272,1,23.74526404
1,37.30288318,1,24.82183828,1,27.19107108,1,23.87403862,1,24.69355636,1,21.94224952,1,24.13451007
1,34.27021496,1,25.88982623,1,32.41441321,1,24.70394722,1,23.07209823,1,23.25290412,1,26.27114203
1,32.90774013,1,37.17585639,1,28.78618951,1,27.88614961,1,23.95346691,0,21.86026551,1,23.29075382
1,38.40901298,1,42.31012103,1,29.19037998,1,24.13827558,1,35.64469139,1,24.32878917,1,21.30194391
1,44.41331049,0,32.13042167,1,21.33222171,1,37.2123597,1,23.46092859,1,22.64889853,1,38.14232998
1,35.07981767,1,29.74914262,1,31.4185308,1,28.51199325,1,31.57399797,1,22.66556176,1,29.46063877
1,51.14048218,1,27.4675646,1,30.46644024,1,37.22155289,0,24.42520863,0,23.61740364,1,23.556954
1,37.62289608,1,29.55770315,1,27.70819021,1,33.03801545,1,21.69252983,1,23.94063718,1,23.27185037
1,43.77012013,1,26.53908113,1,27.42779139,1,24.43433866,1,29.44668128,1,27.84774899,0,20.9578004
1,43.46597192,1,26.28160499,1,29.01364664,1,21.50496802,1,25.85212414,1,25.4651328,1,23.24155196
1,43.75560947,1,36.78045239,1,21.37008335,1,24.24691056,1,36.12405635,1,21.62750801,1,22.74061772
1,41.28717924,1,36.38210249,1,29.48374321,1,30.16975675,1,30.04138652,1,24.38420607,1,23.73814573
1,35.60205123,1,31.087622,1,19.33654853,1,20.45725557,1,21.41459224,1,32.38599107,1,22.69090274
1,37.43499459,1,29.18655311,1,28.76816154,1,38.58898887,1,25.75475165,1,20.70050563,1,30.70143038
1,36.29054631,1,26.07434051,1,26.43594954,1,24.3242472,1,19.30921607,0,32.92124371,1,22.64020556
1,37.64595323,1,24.53034231,1,23.94681808,1,31.75450885,1,22.84437399,1,38.22223082,1,21.21746556
1,38.08207112,1,29.31402133,1,33.31837891,1,28.62437269,1,25.16199415,1,25.37308438,1,33.6192925
1,49.35842298,1,22.42844974,1,34.5124494,1,30.46623359,1,22.6416547,1,31.61085533,1,23.2660938
1,39.20549926,1,29.88759248,1,27.55788055,0,27.83951363,1,21.49196974,1,21.43219143,0,20.02196105
1,35.12895166,1,33.34876887,1,33.00771448,1,21.53085137,1,22.53113185,1,21.5629196,1,22.6903352
1,36.01179657,1,23.67511355,0,40.52246128,1,24.76677163,1,27.04099037,0,22.75247362,1,31.14155149
0,37.7889898,1,29.73636943,1,32.34680422,1,24.54403002,1,29.51266777,1,22.75421509,1,29.89617675
1,47.04746193,1,26.30674274,1,25.09693499,1,21.96569589,1,26.83620954,1,24.21419133,1,25.71753665
1,35.47371391,1,30.89087327,1,32.95458164,1,23.60271938,1,35.10086266,1,24.22204428,1,21.46453281
1,41.07626908,1,34.89537485,1,24.98610141,1,25.32818047,1,24.506117,1,23.62338319,1,34.60694027
1,38.30824771,1,28.06081167,1,43.92753459,1,28.344464,1,28.35442406,1,25.79730908,1,23.70974469
1,34.54163793,1,24.6264802,1,36.3891093,1,37.3535802,1,20.69976356,1,22.97171254,1,23.10904415
1,43.72109652,1,27.33745307,1,28.00222893,1,24.21145821,1,23.44483936,0,25.68681004,1,22.77491588
1,41.36018964,1,24.57785125,1,30.02311617,1,25.52975247,1,21.8171149,1,23.58892332,1,34.97352877
1,48.93966917,1,30.85799597,1,31.00877685,1,26.21995075,1,21.09509664,1,21.84516479,1,22.34247489
1,46.03096822,1,25.43969072,1,26.7674588,1,30.45490613,1,22.55389852,1,24.61262118,1,23.48202453
1,55.20524585,1,25.7940769,1,25.33496905,1,21.53069747,1,22.68173777,1,30.13781457,1,20.7063618
1,36.16374907,1,32.81195921,0,42.13992119,1,29.03359544,1,22.27709006,1,21.78430946,1,21.0654058
1,43.10984475,1,31.9999463,1,26.56889469,0,22.86648553,1,28.00516086,1,34.54999201,1,23.69477441
1,49.19200862,1,22.96816767,1,30.87092485,0,21.44530046,1,30.51276654,1,22.05812621,0,20.14369857
1,39.99779481,0,31.44751829,0,25.00845463,0,21.29659044,1,23.3338821,0,23.54161138,1,21.6383731
1,36.40109428,1,24.40584848,1,28.16654506,1,26.55544332,1,29.54803968,1,25.18343217,1,31.53109043
1,44.91363495,1,24.37539431,1,32.7701296,1,27.99770063,1,21.23917928,1,28.4409152,1,20.90078151
1,34.48687161,1,31.36561149,1,41.26430191,1,25.91616347,0,22.61758776,1,22.73599105,1,23.11645933
1,40.18201854,1,29.65824825,1,26.49534004,1,31.69091853,1,30.37649761,1,22.63516631,1,37.80879559
1,49.15949669,1,39.28995076,1,25.98869245,1,26.35342539,1,33.5192291,1,23.4704863,1,32.38163164
1,40.12331767,1,32.74776086,1,24.88728678,1,27.86369113,1,23.71108056,1,23.43842668,1,22.71699264
1,42.78678006,1,35.04050542,1,26.80909394,1,28.94986579,1,23.0685926,0,21.42142064,1,23.96537639
1,30.88023864,1,31.20438059,1,35.9856764,1,25.3596136,0,20.05120511,1,27.46690087,1,24.32378865
1,39.13676765,1,29.35841575,1,26.10073535,1,20.41899425,0,39.22452765,1,39.29481464,1,22.37386446
1,39.89182793,1,31.92728215,1,28.87089372,1,28.16783993,1,22.12795771,1,21.56415817,1,22.53281365
1,38.99009565,1,27.75878957,1,29.70033212,1,22.9485776,1,30.11141979,1,20.32131322,1,23.63663142
1,42.55054915,1,27.14529157,1,26.36445914,1,28.34629985,1,24.46391923,1,28.25818416,1,22.3593286
1,37.8849889,1,29.72823283,1,21.37314975,1,22.17822762,1,35.68688489,1,23.49011911,1,24.92790103
1,44.78590612,1,26.86084558,1,21.69115122,0,22.90618758,1,38.92247695,1,22.22444387,1,22.43791677
1,41.82049921,1,27.53652171,0,24.71351635,1,28.88152309,1,22.24500215,1,20.12935592,1,23.34319914
1,50.49734555,1,33.25996025,1,23.30997242,1,26.72806811,1,24.93655424,1,22.16310793,1,22.84395328
1,37.915891,1,33.84120945,1,31.56752619,0,28.23939608,1,20.52748257,1,21.98280568,1,22.93544811
1,33.19733844,1,24.70883946,1,24.49950817,1,20.46177097,1,27.05279223,1,21.20864737,0,21.28275829
1,34.08911248,1,43.95739951,1,27.45488928,1,28.69018611,1,21.80808261,1,22.09705834,1,22.13086226
1,34.99733773,1,36.44532586,1,33.43105271,1,27.73977877,1,28.82978922,1,20.39359907,1,21.69152002
1,40.07447152,1,22.46499,1,27.16175513,1,37.01256623,1,22.15112887,1,21.61327956,0,24.45740011
1,51.43526677,1,31.24366262,1,23.20757605,1,24.61735459,1,20.03384436,1,25.44852586,1,22.84637047
1,37.09299012,1,39.42577825,1,36.65822598,1,25.75636262,1,22.74939512,1,22.09493166,1,23.88622653
1,50.20837605,1,33.57875885,1,21.78618322,1,20.82775907,1,19.81710679,1,21.32983127,1,23.35394753
1,33.49799034,1,34.77150825,0,22.97454908,1,28.58259453,1,24.00280842,1,28.34343987,0,24.38178665
1,38.99243103,1,26.75449428,1,28.24273513,1,28.51734165,1,24.73754264,1,21.24672496,1,31.64031098
1,40.62663634,1,34.32474995,1,28.87016274,1,23.83861485,1,22.86969329,1,32.21712008,1,46.01749264
1,51.55759835,1,31.90798695,1,38.28495213,1,22.39313786,1,20.56597438,0,21.65130756,1,23.76802174
1,33.41847766,1,30.37732084,1,29.67547995,1,20.50919659,1,22.35041245,1,21.40950144,1,21.97815122
1,48.77728582,1,27.32784901,1,37.50601959,1,23.20496223,1,23.83957125,1,23.42821021,1,24.39151492
1,42.81226219,1,33.10119892,1,21.89249731,1,29.17476105,1,24.81586312,1,21.24214652,1,21.26112731
1,36.93219066,1,30.0001541,1,20.52860559,1,20.79882606,1,25.0089034,1,22.78923261,1,22.4328662
1,43.69290464,1,22.73271107,1,27.06384366,1,29.89206625,1,21.65296148,1,36.66169351,1,31.63553547
1,38.34855923,1,27.97682151,1,26.11662447,1,22.6227102,1,29.99330677,1,20.61679401,0,23.40885866
1,42.57071984,1,37.46853912,1,24.34455959,1,30.12182655,1,30.08622545,1,23.23507255,1,22.69768958
1,50.33739338,1,36.61101028,1,23.33138205,0,22.27427452,1,28.34953507,1,24.7475695,1,30.33017865
1,35.69598254,1,41.70060115,1,25.15729432,1,22.47730234,1,24.59944498,0,24.27414537,1,30.9895409
1,39.65917693,1,26.34267167,1,23.44750252,1,21.22427951,1,22.20135378,1,23.36057949,1,26.63059416
0,46.41509043,1,37.77401686,1,23.93004786,1,26.79927168,1,23.76337635,1,23.38385439,1,23.35281845
1,35.57281079,1,35.47911091,1,23.20396544,1,25.41013475,1,21.8279432,1,22.21574477,1,32.17418053
1,37.03106611,1,27.57191299,1,28.26404048,1,21.01379334,0,24.24800385,1,23.16987464,1,23.83843157
1,38.11509814,1,27.72470831,1,23.56141871,1,23.45809821,1,30.23806206,1,23.94471885,1,24.48436159
1,39.4133364,1,35.93490469,1,23.9443824,1,23.15358872,0,22.0652445,0,21.42618406,1,21.59101689
1,27.83025804,1,30.4095867,0,34.16657855,1,22.45672838,1,25.22080993,0,22.5740532,1,24.1316855
1,39.55919541,1,34.10467452,1,33.83157767,1,23.85400997,1,30.606508,1,22.70897492,1,23.72915915
1,40.12854463,1,21.75799241,1,39.86072946,1,25.42138767,1,31.14673427,1,24.86713523,1,22.24618422
1,38.07755671,1,30.03193868,1,20.75809479,0,32.51786501,1,23.69877119,1,21.36399798,1,21.68714051
1,39.4392615,1,31.17608871,1,22.46416122,1,32.19053826,1,30.46207566,1,25.34078592,1,22.44867135
1,42.1440914,1,41.21279129,1,33.47631299,1,28.58947532,0,20.67228541,1,24.41421695,1,25.86075188
1,54.27552013,1,31.03769245,0,29.97636226,1,30.95664223,1,24.13019241,1,20.56872518,1,31.85177722
1,39.99565735,1,27.35063504,1,28.55710839,1,31.42879426,1,26.52405698,1,24.03268052,1,30.61984421
1,47.01518589,0,21.91335813,1,21.02178542,0,24.77840522,1,31.32144465,1,30.80534396,1,31.30328083
1,45.17997786,1,36.33497903,1,27.24033013,1,22.72452913,1,22.41646769,1,22.12110654,1,22.28320746
1,40.47737631,1,34.44345575,1,28.88710148,1,25.64860486,1,24.23665561,1,24.90261078,1,27.1554915
1,43.55458219,1,38.32264525,1,28.8373246,1,30.38945344,1,25.59194792,0,23.12734752,1,33.96368768
1,35.68411762,1,25.46649535,1,26.86671631,1,21.35490816,1,23.02883395,1,22.78041208,1,22.56407127
1,31.48508501,1,25.52381074,1,24.43742332,1,31.24570765,1,21.04542992,1,23.49284765,1,21.95406941
1,34.44951203,1,37.47599269,1,23.16916257,1,25.75860517,0,31.17856724,1,21.83241875,1,27.25827575
1,33.48911493,1,27.83394098,1,30.6606057,1,21.90662638,0,26.4414659,1,25.57538707,1,23.31446855
1,38.87190299,1,31.80120565,1,23.89665184,1,34.03600686,1,29.38977855,1,26.03063474,1,24.22188445
1,56.27845944,1,35.14799329,1,23.0669661,1,30.63570895,1,32.3257746,1,24.92822126,0,22.1079371
1,48.25859301,1,29.671717,1,23.79851301,1,25.98908466,1,25.22218136,1,22.33615997,1,21.92418301
1,36.92938995,1,32.16304544,1,19.72089312,1,30.89480558,1,22.42640405,1,22.44242395,1,21.65887439
1,34.39248239,1,28.30939418,1,23.65890228,1,21.96698924,0,30.47836071,0,33.50837912,0,23.47573202
1,49.16476281,1,29.67173625,1,25.74152045,1,22.93965226,1,29.14893572,1,25.56373498,1,27.52803959
1,47.16351341,1,34.77468147,1,28.85722793,1,28.65959722,1,32.89449154,1,23.57246827,1,21.97608475
1,40.51643031,1,25.93280408,1,29.70418536,1,22.39741028,1,20.6543799,1,23.96316746,1,23.82423519
1,38.44276907,1,28.84834717,1,28.06278124,1,20.20395859,1,20.17358334,1,24.99548906,0,19.57636839
1,50.65527018,1,23.48452218,1,28.62157118,1,25.29493668,1,21.64305988,1,21.7758848,1,23.68051666
1,62.71410697,1,30.46833892,1,31.7083257,1,25.03353562,1,24.70007935,1,22.48960904,1,22.75956071
1,38.41586963,1,29.2293812,1,35.10829802,1,31.22663183,1,22.75242474,0,22.85137529,1,29.19577529
1,42.6550286,1,39.49093531,1,23.94089231,0,23.87501591,1,23.66863315,1,30.81353373,1,27.32554995
1,36.91569868,1,28.08439942,1,24.60556539,1,33.66078966,1,22.24716495,1,23.49025489,1,23.71743229
1,28.83912282,1,38.52661677,1,23.78558665,1,30.13435999,1,22.95105545,1,23.62555307,1,21.71100934
1,40.52926783,1,29.41462962,1,22.03826489,1,23.33322215,0,21.04089121,1,20.79629835,1,22.40584992
0,35.42142667,0,22.88708652,1,34.40838997,0,20.73558365,1,23.40145595,1,22.3657341,1,21.54171273
1,42.49018922,1,25.28524574,1,26.40790384,1,20.01659629,1,22.34296996,1,28.8077235,1,21.24938089
1,33.25342587,1,24.15938969,1,24.86508668,1,23.31849995,1,22.04136794,1,22.22613162,1,22.57760133
1,43.68556692,1,36.20490223,1,27.85396803,1,23.29805328,1,22.60229322,1,21.88698872,1,30.1767597
1,42.9730142,1,34.1809373,1,21.27415312,1,18.77135521,1,31.3217278,1,25.84257142,0,19.21941925
1,59.34414648,1,23.41543261,1,39.65755291,1,24.29686568,0,23.41970837,1,21.89752464,1,23.18768847
1,52.46060514,1,36.80109858,1,22.61998893,1,29.6759121,1,24.11338158,1,29.4173685,1,22.48171433
1,37.92921379,1,27.98149471,1,27.36525448,1,38.38371721,1,22.11414768,1,28.43234939,0,23.03359239
0,32.94059805,1,40.44375711,1,28.81296236,1,25.74606817,1,22.31898305,1,22.51782075,1,30.4700019
1,40.8393229,1,26.9990311,1,26.74725423,0,26.29127373,0,28.6174343,1,25.02123684,1,21.58519911
0,35.96120365,1,23.72228139,1,23.77594175,0,28.32558217,1,22.05214851,1,31.71231427,1,33.2542407
1,38.07216003,1,26.69056074,1,24.38495505,1,25.57812511,1,29.29603937,1,23.03415673,1,22.71647249
1,45.42746749,1,31.57363883,1,28.7054476,1,23.6872785,1,26.49360772,1,23.72528444,1,23.53983246
1,50.65500494,1,29.68803168,1,25.14426184,1,24.17775571,0,23.94443293,0,21.7218833,1,21.79928359
1,52.08615451,1,32.62996887,1,26.72016073,0,21.79287144,1,29.73340259,1,25.65064449,1,21.84651539
1,41.00909925,1,27.91458563,1,29.72226077,1,32.81396506,1,27.53301314,1,26.57073694,1,23.45316487
1,58.81610367,1,29.76174419,1,31.40714073,0,21.55916909,1,23.70889565,1,20.54626639,1,21.00095858
1,44.30731537,1,29.2209353,1,33.45324109,1,33.85886781,1,25.59560502,1,27.99050836,1,24.82736245
1,40.9103498,1,43.13572533,1,30.15569868,0,25.73664227,1,21.19634717,1,21.97951403,1,25.08668859
1,39.93246128,1,37.42775483,1,22.6492,1,20.90691609,1,27.56792006,1,23.71758853,1,21.39791519
1,49.38712824,1,25.95567823,1,30.4987841,0,20.67618112,1,29.77161243,1,29.33816087,1,21.54986074
1,35.35783558,1,20.47207941,0,24.00380804,1,25.40184035,1,21.24439876,1,25.15478946,1,22.02670041
1,60.39176053,1,35.20135152,1,25.07172425,0,21.11346873,1,22.75122969,1,23.73107528,1,24.72045013
1,43.59234204,1,28.86290127,1,36.02626001,0,32.47953243,1,21.40346506,1,29.40242217,1,23.43607564
1,50.16353429,1,28.90105351,1,34.18725924,1,28.16297235,0,34.09432702,1,24.34394516,1,26.3916815
1,36.30780573,1,25.44888577,1,31.88478982,1,21.02054758,1,23.20891624,1,31.65654146,1,28.93926501
1,39.85290263,1,21.45604341,1,21.51104935,1,23.64565208,1,23.01723447,1,21.7497295,1,38.07680027
1,30.40340868,1,27.4120865,1,25.04968303,0,24.70230189,1,36.64698865,1,23.89080104,1,31.78156662
1,33.1465612,1,27.15008318,1,30.4286915,1,25.07272338,1,21.38579378,1,23.97300864,1,22.68845161
1,46.59897723,1,25.45537895,1,24.82361723,1,33.32261387,1,23.25249836,1,24.40955551,1,30.89343254
1,38.890945,1,32.34863778,0,23.30837442,1,29.2315912,1,26.99500227,1,22.48095875,1,33.5465911
1,44.18928374,1,39.22145307,1,24.70423399,1,32.24457516,1,26.33524598,1,25.03697312,1,21.00050782
1,41.70457149,1,22.94798633,1,22.50312511,1,20.74915218,1,29.46762351,1,22.59647235,1,23.04955279
1,38.43724786,1,25.06403957,1,35.10046579,1,29.23806338,1,24.60695085,1,22.82579295,1,32.08718451
1,36.39323122,1,22.39132918,1,27.18140575,1,21.87703494,1,31.3485501,1,27.0465395,1,31.72469451
1,42.52547285,1,29.84826782,1,21.94720371,1,20.67583079,1,23.69140904,1,28.04007484,1,29.48195828
1,42.69575062,1,21.81764934,1,26.13910635,1,22.81242193,1,21.2155873,1,22.7189738,0,30.82343682
1,33.10941594,1,34.58987848,1,21.83456625,1,29.97120601,1,20.49100566,1,23.66468702,1,21.52268147
1,41.99457732,1,35.94431952,1,21.61951393,0,29.26768642,0,29.37941471,1,24.60690787,1,22.19537597
1,35.93024119,1,44.19545183,1,22.79960719,0,20.62594433,1,26.12649092,1,25.96734196,1,21.11118225
1,43.07217711,1,25.82979197,1,34.61020774,1,22.53518858,1,34.15834658,1,21.63021546,1,24.34391409
1,39.06401823,1,31.19451255,1,26.37729955,1,24.24492862,1,22.02264538,1,20.6303519,0,21.17271842
1,40.83796809,1,29.9300831,1,22.21354992,1,23.89847996,1,22.01627696,1,24.49105795,1,21.71760934
1,45.49023461,1,29.29325961,1,21.86263099,1,30.62348153,1,23.55571198,1,21.12384036,1,28.63491331
1,40.56752726,1,33.7880902,1,22.12517909,1,21.66879078,1,23.9426569,1,25.32447303,1,26.11734138
1,39.26995619,1,30.43519325,1,35.44643961,0,22.69401981,1,23.15243689,1,22.0196702,1,23.5979167
1,46.30221428,1,30.94424097,1,23.24001517,1,34.72747946,1,23.74149257,1,24.949139,1,21.67328142
0,32.08116362,1,30.76885244,1,50.1103819,1,23.50916476,1,22.37230837,1,22.47687919,1,31.22775017
1,39.29673338,1,31.50480412,1,27.67794291,1,33.79318255,0,20.31636613,1,23.44854308,1,31.40232074
1,37.16763833,1,40.68756659,1,23.97866774,1,22.95531081,1,24.30099922,1,26.72900006,1,23.63336979
1,33.61529867,1,29.94397615,1,23.07898501,1,22.05860933,1,21.71052128,1,22.46406916,1,33.55101511
1,58.416879,1,28.36335153,1,27.60685213,1,23.03083486,1,22.09906234,1,22.7756098,1,23.95958845
1,37.80922323,1,32.90734997,1,25.08027162,1,21.50149827,1,24.22275612,1,24.29499358,1,22.97539263
1,44.19626141,1,22.37261804,1,24.44623143,1,24.29100907,1,20.89806476,1,22.95541821,1,21.39882074
1,48.97560922,1,30.87817052,1,36.64737126,1,22.67408785,1,23.60624925,0,22.19558719,1,21.96671155
1,24.36673553,1,26.7891357,1,20.26052382,1,21.25824146,1,24.33017063,1,20.47239193,1,25.39640652
1,40.15416969,1,23.37555956,0,29.55790681,1,22.33165492,1,23.86778918,1,23.04938321,1,20.40160385
1,36.53954809,1,30.81513434,1,26.60656843,1,21.53237093,1,38.0820866,1,31.8085323,1,32.6857442
1,42.2239797,1,29.62918171,1,26.49017168,1,24.41501806,1,23.15184293,1,23.94463102,1,20.87869571
1,38.69158095,1,37.96071642,1,32.62089045,1,30.8404938,1,22.94109334,1,24.80182282,1,21.76521173
1,32.23115297,1,27.03812726,1,22.03970519,0,21.50061199,1,29.88800088,1,23.54972137,0,21.62827029
1,48.83551208,1,21.26874888,1,36.88629901,1,31.77550905,1,20.48521143,1,20.79476519,1,20.66542862
1,46.91716477,1,27.23494527,1,28.84311432,1,21.34349999,1,22.33812504,1,26.34847651,1,24.6694247
1,27.28437462,1,30.74603944,1,21.66022823,1,27.54622731,1,20.89294118,1,23.95921749,1,24.93396471
1,41.61076333,1,29.3980165,1,23.60882351,0,27.53067146,1,21.09281171,1,23.89855723,1,23.16717577
1,48.86206053,1,26.49586988,1,24.85453872,1,21.50590715,1,25.70120821,1,21.98621931,0,21.41228859
1,47.04759727,1,28.82015816,1,33.46261355,1,24.58341368,1,23.05732791,1,29.19642229,1,25.40496277
1,49.76808821,1,33.99669603,1,33.11651764,1,24.79354564,1,23.74311299,1,23.29373892,1,30.38959756
1,54.83572615,1,28.7560484,0,23.87377088,1,21.55290406,1,23.53778878,1,23.25826773,1,35.01525504
1,27.01248698,1,24.25950893,1,24.399999,0,21.32853921,1,23.86937289,1,21.07937866,1,22.42207009
1,39.18776064,1,33.83644174,1,22.4987826,1,26.29730014,1,22.82315947,1,25.36847045,1,24.44930021
1,30.80701288,1,32.50524656,1,23.82107773,1,22.31823215,1,21.18555592,0,26.76377144,1,22.03575215
1,47.92006483,1,22.50482441,1,25.48929333,1,21.67885204,1,23.67772431,1,20.64057053,1,21.81920156
1,33.80556413,1,31.17791876,0,24.40889121,1,21.60771558,1,22.19547987,1,20.92491384,1,30.04839261
1,42.71686707,1,27.89500135,1,24.69005217,1,30.24852045,1,22.30318378,1,30.02522207,1,25.63555651
0,38.59738336,1,30.51242896,0,30.61760554,1,22.65246845,1,32.43762744,0,21.86686894,0,31.1876667
1,28.0375962,0,26.2806175,1,27.56067575,1,23.04236896,1,20.40041289,1,23.0505552,1,20.39973283
1,37.38586965,0,20.92190903,1,21.68869472,1,24.98631695,0,32.16566788,1,22.5617448,1,35.09905592
1,29.80679225,0,32.30381624,1,21.73280391,1,29.50691394,1,22.53366628,1,25.03146775,1,22.75749869
1,29.52253737,1,21.03524433,0,31.24671791,1,26.66284517,1,20.92516059,1,29.63823296,1,30.63941803
1,33.27859156,1,27.84298152,1,35.13394674,1,25.48844468,1,24.0554222,1,21.64711529,1,32.52571633
1,40.48881377,1,29.62449507,1,28.18382907,1,22.73689623,1,20.948105,1,32.49114039,1,21.63555112
1,39.26513029,1,31.4081933,1,29.29738919,0,21.56915732,1,25.2318433,1,20.95832092,1,23.19302759
1,50.61649949,1,28.87945513,1,27.66201914,1,24.73266584,1,21.36649997,1,22.90652171,1,22.03725376
1,37.092726,0,28.6206844,1,21.94101151,1,28.36792873,1,22.58636465,1,23.01313689,1,22.85908925
1,33.77680573,1,54.43820044,1,33.17246438,1,28.31693722,1,21.75939587,1,22.59914693,1,21.80177572
1,47.9008805,0,27.12640349,1,34.30782047,1,26.89787986,1,23.57971617,1,30.73613312,1,23.94875348
1,35.5136764,1,21.9148533,1,21.45643322,1,24.41480492,1,21.96034525,1,24.54016549,0,23.13352338
1,48.55210914,1,31.70071535,1,27.12581456,1,24.84957496,1,28.44847422,1,33.11776229,1,22.90065158
1,43.4047068,1,28.27099254,1,28.30964336,1,20.80730172,1,21.33202728,1,32.33713565,1,22.16382185
0,38.27673491,1,21.96503485,1,26.98917199,1,21.0601744,1,29.81911169,1,31.6743495,1,31.67249433
1,41.1603742,1,28.66003534,1,23.88076972,1,28.11182726,1,21.28614378,1,22.26879581,1,23.8554777
1,45.60270326,1,27.971575,1,23.10185628,1,19.42210551,1,29.26425895,0,23.7321667,0,24.20333502
0,37.4426838,1,41.33913736,1,31.60359525,1,22.83346603,0,27.70536314,1,21.8532933,1,25.18878025
1,43.66378599,1,26.48739228,1,23.42342948,1,24.31626074,1,28.42685077,1,24.48091136,1,31.35524475
1,43.44100741,1,31.53842289,1,24.69440913,1,23.23035719,0,21.68620664,1,24.31303903,1,23.14586314
1,41.1257105,0,28.65993994,1,21.33459946,1,32.46289436,1,32.70676754,1,24.59250381,1,22.93186047
1,33.20198094,1,29.07780698,1,22.495261,0,23.8143489,1,22.8039616,1,20.86231696,1,21.05417336
1,35.1825849,1,31.66315619,1,23.59502344,1,28.23930047,1,30.99170963,1,40.43466354,1,22.60854755
1,41.96880688,1,27.26515356,1,30.45358653,1,20.70939261,1,31.03291103,1,24.15267931,1,25.20782467
1,40.52267703,1,36.32915304,1,24.86510588,1,22.85933435,1,19.77715803,1,24.09032378,1,33.83514824
1,37.06372819,1,26.38788652,0,27.76777081,1,23.72021136,1,21.87093727,1,26.08618292,1,24.05892816
1,43.02004631,0,26.78441536,1,34.46546607,0,20.20341382,1,23.57113555,1,24.02303292,1,21.6947412
1,36.32581743,1,24.50611837,1,29.44233485,1,23.45926287,1,23.00256593,1,22.70245094,1,22.73131939
1,49.31586107,1,28.12753243,1,20.95497842,1,20.73329001,0,25.975788,1,22.1613483,1,21.3476078
1,35.54742378,1,26.55508331,1,31.20950903,1,24.13226443,1,34.49422527,1,23.55900865,1,30.29022767
1,32.55551589,1,27.65876599,1,29.72681083,1,30.4005575,1,21.26695856,1,23.17757506,0,25.55874585
1,46.33881404,1,37.51900141,1,25.25677592,1,24.58562032,1,23.01081347,1,31.72344006,1,24.00900383
1,34.71357165,1,31.43208925,0,21.03328789,1,24.6690926,1,28.00162434,1,22.61000776,1,20.90510885
1,38.72877415,1,26.82390364,1,23.79973621,1,29.04951791,1,21.92489281,1,21.38421481,1,20.14583534
1,39.73113276,1,24.38411103,1,28.96165392,1,24.63416023,1,23.10235586,1,23.32482881,1,24.69966036
1,41.59140514,1,26.69445941,1,21.70031147,1,23.49984574,1,27.67777965,1,21.14622793,0,21.23889685
1,43.21926895,1,54.99323332,1,20.11896195,1,20.05239697,1,30.18077433,1,30.72145573,1,21.7766808
1,40.82547027,1,29.86563298,1,22.34646548,1,21.2855673,1,21.74952386,1,22.86820374,1,21.92076902
1,40.8944282,1,39.47406924,1,23.1691176,1,24.15931408,1,27.45142936,1,34.22841155,1,24.98500424
1,31.22967717,1,29.61720322,1,27.96511433,1,36.72034175,0,24.8888556,1,21.77379296,1,22.63566762
1,39.68875355,1,34.71496891,1,20.0634494,1,20.71222615,1,20.56341355,1,22.74465057,1,24.85568823
1,40.0896014,1,24.44001036,1,20.42373482,0,25.35669097,1,22.3304968,1,22.84863025,1,21.60508975
1,39.32603012,1,27.77740464,0,18.96357257,1,29.82267811,1,31.54657742,1,23.79305557,1,23.83657822
1,44.66045955,1,33.94863606,1,21.89623946,1,24.64324586,1,25.65764554,1,24.53408813,0,23.01197361
1,35.88034333,1,33.86498282,1,36.1113736,1,40.09148785,1,24.66101265,1,25.28233893,1,22.78793832
1,41.18758432,1,27.03118518,1,28.42086088,1,30.48783292,1,30.03237297,1,21.74719549,1,23.7581872
1,41.41487784,1,29.80993057,1,30.90828665,1,23.05573391,1,21.51116193,1,22.00260565,1,22.73604799
1,39.57890279,1,29.69475052,1,36.22132527,1,32.00543887,1,23.33449377,0,29.78957129,1,24.85842542
1,42.85984423,1,22.56418758,1,25.86545271,1,25.86458136,1,22.47222041,1,23.12516087,1,24.61728871
1,39.67573639,1,28.00722665,1,20.57388139,1,24.10159105,1,21.67353136,1,30.84249751,1,25.35724009
1,39.64918588,1,30.84659508,1,26.45633393,1,28.42134248,1,23.55484215,1,21.6512631,1,22.01394225
1,39.54276988,1,22.38565237,0,22.60644458,1,22.48996455,1,23.10971269,1,26.23862855,1,29.49054865
1,34.15347568,1,28.69679343,1,31.67098367,1,33.88122767,1,22.15763398,1,22.56726033,0,21.44221884
1,37.19686931,1,32.39784651,1,26.6281926,1,28.23377637,1,21.44461328,0,22.80788534,1,33.42493045
1,24.72118723,1,31.31433879,1,26.02851818,1,20.70773545,1,24.86430642,1,21.28012338,0,28.03879733
1,41.95536596,1,31.07947986,1,29.66283632,1,30.21411792,1,24.78992401,0,29.88676862,1,22.92859868
1,35.20100048,1,24.74939059,1,27.08392819,1,34.89164266,1,25.14499882,1,22.34077727,1,23.60110189
1,49.97192414,1,31.18986083,1,28.8016294,1,31.8305125,1,25.92613287,1,20.67859771,1,22.9715918
1,34.07086686,1,26.49857169,0,24.39795596,1,24.11004554,1,23.44799281,1,21.94175272,1,26.0073025
1,39.30137181,1,24.3980692,1,31.29655028,1,21.17827997,1,23.40918466,1,29.61698138,0,32.03992723
1,31.07331913,1,37.54765845,1,26.68962271,0,31.5138669,1,30.6307348,1,21.502772,1,22.90911489
1,44.9912958,0,24.44020975,1,23.43614423,1,22.47087461,1,23.0798519,1,24.18774206,1,22.41093538
1,37.79090826,1,31.14194237,1,30.53164093,0,23.15481234,1,22.0786225,1,23.50300598,1,23.66728696
1,35.78835307,1,28.58886655,1,32.17451724,1,24.02523992,1,22.57810724,1,25.3708828,1,34.00398956
1,39.44247768,1,32.34020291,1,27.46168371,1,32.07963572,0,18.86571877,1,25.03583457,1,25.11100613
1,44.30501519,1,38.43575029,1,25.98347389,1,23.63061994,1,21.1764645,1,23.10694125,1,24.13304939
1,38.32263747,1,29.07665306,1,27.27725586,1,23.08677922,1,25.41942888,1,38.10233751,1,23.13848705
1,45.13100865,1,25.90768937,0,25.30230323,1,23.92398458,1,20.16272249,0,21.30983699,1,23.96134076
1,33.55531898,1,29.64532133,1,21.82775319,1,22.40754785,1,27.82758861,1,21.06743831,1,24.17776029
1,49.29817327,1,35.64525056,1,35.12343806,1,22.53938477,1,23.51881239,1,21.9525926,1,23.73980039
1,40.99252441,1,37.02555781,1,24.12544848,1,19.22939592,1,26.03097953,1,31.00807109,1,23.25040387
1,38.65393625,1,24.72115387,1,28.6629828,1,28.19801697,1,34.51346665,1,23.60079425,1,20.82103266
1,36.08913403,1,25.71184317,1,29.07928518,1,35.10959752,1,20.29993253,1,24.64050426,1,21.49762058
1,33.86160952,1,31.9748325,1,24.28526706,1,23.98762206,1,20.38747719,1,23.76670417,1,28.98726604
1,42.60377776,0,27.94399146,1,40.1245148,1,35.55633041,1,22.74081644,1,21.16130492,1,22.23837802
1,31.75926466,1,37.98789199,1,32.01209582,1,20.19211903,1,23.75155919,1,30.8697829,1,26.63130263
1,40.65776129,1,38.70521905,1,26.92141738,1,30.33173151,1,25.54405341,1,24.18557963,1,30.34648846
1,35.22751246,1,23.21684617,1,30.7799759,1,23.22246019,1,24.03589943,1,23.81668789,1,25.03610086
1,36.13119383,1,36.12624886,1,27.27102612,1,21.9260469,1,32.27153044,1,21.57149431,1,37.2261164
1,43.84823244,1,26.04436189,0,28.33842621,1,26.75181874,1,20.9054119,1,23.76856344,1,21.67442581
1,48.58670655,1,24.37747051,1,21.20583196,0,22.35830592,1,21.81342248,1,23.18305062,1,24.12955175
1,39.15057436,0,33.26076368,1,31.71059246,0,26.5173524,1,23.75696483,1,30.94923215,1,22.62516149
1,42.21946671,1,34.05896567,0,20.88987309,1,20.05328327,1,22.68489314,1,23.56909416,1,21.86372286
1,48.99982817,1,31.30415214,1,26.05300218,1,24.01891034,1,20.90106519,1,21.44084971,1,23.31248451
1,33.76601974,1,26.33891106,1,23.63043418,1,28.14710102,1,23.65867797,1,24.03405363,1,32.27452762
1,36.45840302,1,32.05397337,1,28.01447195,0,22.14781285,1,31.22564431,1,29.01449297,1,24.24039532
1,36.30882646,1,35.90100131,1,31.64596207,1,22.68448089,1,31.25377275,1,21.8293555,1,21.77720943
1,34.84926383,1,22.67544891,1,21.79534356,1,22.66172626,1,21.97324787,1,26.02181978,1,23.51402991
1,47.73165609,1,24.75929057,1,31.29473843,1,28.07081527,1,24.04693103,1,32.24827614,1,21.58069615
1,40.83020565,1,29.54514293,1,24.58877799,1,24.82903161,1,22.26016737,1,20.87725849,1,24.77518103
1,38.9623021,1,30.41616356,1,23.51323923,0,23.81880394,0,25.31008415,1,33.48186431,1,28.70050804
1,41.94677051,1,30.72648358,1,30.85723163,0,40.3165675,1,23.78387639,1,21.19993393,1,22.32818301
1,40.28405717,1,33.26641822,1,26.50688731,1,26.63220045,1,25.64538004,1,32.93062317,1,23.02328767
1,56.82735953,1,32.67000907,1,28.9077732,1,32.87982504,1,22.9707787,1,35.26853422,0,23.42459852
1,28.95736224,1,35.04269843,1,26.24799352,1,35.73654655,1,21.69854753,1,42.07907199,1,24.34955089
1,44.43090754,1,39.16764235,1,25.38943851,1,28.79779748,0,29.00613135,1,30.82334824,1,24.18582987
1,37.30329677,1,22.99092663,1,30.30794038,1,30.48032769,0,21.29608323,1,24.30669863,1,29.33718297
1,45.68225008,1,28.66113984,1,35.45693994,0,21.05460757,1,22.80115294,1,22.34342351,1,22.88937943
1,35.81285182,1,37.75227517,1,24.75768445,1,21.36525909,1,21.89779773,1,21.94991659,1,22.07445627
1,38.65908363,1,28.46437099,1,32.88678382,0,22.18600463,1,30.43285382,1,24.54506342,1,21.30184305
1,41.44448822,1,28.31970343,1,30.60474915,1,26.03766382,1,25.62510604,1,24.46030189,1,34.29375422
1,44.66477247,0,36.65132127,0,22.75106513,1,24.40071213,1,26.55550625,1,21.90419086,1,22.49270177
1,31.39540086,1,23.29682446,1,25.34664858,1,26.99992109,1,39.14724141,1,35.34763954,1,21.64296336
1,39.05216187,0,25.85755808,1,22.11175081,1,22.85961587,1,34.47868928,1,23.13800453,1,24.86956849
1,33.77459393,1,26.54894969,1,32.33188065,1,43.93023059,1,38.43442714,1,23.47656366,1,22.07999242
1,53.9561618,1,25.50782444,1,23.50937507,1,39.40879083,1,21.52413773,1,25.66004227,1,41.18412384
1,42.8778973,1,50.1491603,1,22.87135842,1,20.96085281,1,22.07162614,1,21.43134545,1,25.41903493
1,45.81095327,1,33.3053628,1,29.72338292,1,31.2055167,1,29.06364712,1,23.84550947,1,23.85391168
1,35.6597645,1,24.90690039,1,36.83217685,1,28.52779772,1,22.6641986,1,24.28090795,1,23.48665169
1,47.89999784,0,22.79454722,1,23.3605783,0,21.16250514,1,28.19810273,1,26.11862249,1,21.06597299
0,38.31312182,1,31.82506684,1,21.27984059,1,22.37929584,1,24.45214888,1,28.80690669,1,22.19695127
1,40.67727196,1,29.74846038,1,26.95569902,1,22.31288803,0,19.33657156,1,22.50528362,1,33.09402888
1,41.28224263,1,27.55065343,1,39.37028005,1,23.87780013,1,23.26956316,1,21.28399501,1,22.80547869
1,43.61361913,1,32.71009139,1,31.49055217,1,22.42431462,1,30.08433494,1,20.89746587,0,24.21874929
1,46.99892587,1,25.05994848,1,30.28857364,0,23.9369934,0,23.03724881,1,22.16711759,0,23.23569178
1,55.46655284,1,26.58114281,1,34.7243709,1,20.96629141,1,22.66776288,1,23.04205796,1,23.6307478
1,30.72305726,0,21.60737154,1,30.12536944,1,30.38630687,1,23.37852974,0,21.37795892,1,41.12400251
0,35.37169926,1,35.64067113,1,31.00199656,1,23.84113198,1,24.30199127,1,20.20675155,1,22.98675836
1,44.7231762,1,25.86042649,1,28.64206751,1,29.79225995,1,20.6044738,1,22.46294758,1,24.6637611
1,31.60613296,1,34.18905152,1,20.74515953,1,24.30269505,1,23.75134064,1,21.35844449,1,25.64651296
1,61.47413266,1,31.65901747,1,31.13368131,1,28.39828087,1,28.86831891,1,24.26763675,1,22.72331606
1,56.99896308,1,41.46849579,1,22.78522554,1,30.48378066,1,31.4871336,0,20.3195185,1,23.18741254
1,31.77260851,1,22.68153634,1,30.11682982,1,21.26426742,1,31.6998676,0,25.751434,1,23.12401336
1,40.20126902,1,33.91448403,1,35.15946126,1,20.18592518,1,28.83576886,1,21.30869995,1,22.87681907
1,46.52502084,1,25.03381865,1,26.04871695,1,22.46040802,1,29.19357219,1,22.05219819,1,23.36500051
1,38.23732063,1,32.63243283,1,28.31601199,1,23.64205879,1,21.81218572,1,22.88747866,1,30.18483386
1,33.29929024,1,35.2481481,1,27.7031353,1,23.20639093,1,22.40727882,1,21.94488165,1,26.00708607
1,41.68136905,0,25.09670906,1,23.78222907,1,30.50274658,1,19.14014956,1,35.27773236,1,23.6823658
1,40.33097573,1,51.22574898,1,28.00734824,1,28.26602072,1,20.82444919,1,38.15576183,1,22.39967166
1,38.75777434,1,24.73955707,1,30.99499285,1,24.13845389,1,22.25965538,1,20.5781859,1,24.02425484
1,37.21348602,1,33.39603228,1,23.42261071,1,20.87058354,1,25.49324667,1,21.88955696,1,22.7927948
1,35.67307773,1,34.87147246,1,28.69302954,1,30.12737102,1,23.92160734,1,19.20537944,1,21.99446278
0,51.12542357,1,25.79682755,1,24.48871045,1,20.95865506,1,22.35183921,1,23.09721198,1,22.07699117
1,38.45040607,1,28.35537303,1,28.58052798,1,31.28180746,1,22.73854693,1,25.10734352,1,23.90044523
1,46.33985127,1,29.21723235,1,39.05220294,1,23.58745824,1,33.14533829,1,21.09872249,1,24.18249429
1,54.86076927,1,32.70044592,1,21.79962217,1,30.7399288,1,21.84311936,0,20.9680423,1,21.55194743
1,51.2451426,1,19.80936367,1,28.66606465,1,22.20296608,1,30.77117545,1,22.05989277,1,22.34141545
1,51.48814242,1,26.17468291,0,21.01004221,1,25.32787932,1,21.98625311,1,22.70693256,1,22.62609714
1,43.28012321,1,29.01529899,1,24.88430949,1,32.09250413,1,33.42751622,1,28.68651434,1,24.94222554
1,36.31058437,1,46.44073737,1,23.22686251,1,22.92455056,1,30.81515407,1,28.03181638,0,24.70281035
1,43.17144586,1,27.6750752,1,27.73091378,1,21.24464317,1,22.9251784,1,20.04705869,1,24.02161524
0,35.83196117,1,24.20999624,1,30.19673311,1,28.81949425,1,23.07015921,1,37.98252212,1,24.61514197
1,26.24486354,1,31.4635706,1,47.33248119,1,20.6189019,1,29.55921256,1,24.50551487,1,23.75354738
1,42.41664522,1,35.51559086,1,31.2703093,1,27.97168087,1,22.58540155,1,24.18307799,1,22.92983029
1,48.44702345,0,32.13133361,1,28.14978426,1,27.34296097,1,21.84021527,1,21.99436738,1,23.94928733
1,43.57050294,1,33.76365869,1,22.90001926,1,22.80956588,1,21.95802348,1,23.05761739,1,30.66339471
1,39.18045205,1,22.3954867,1,25.07641726,1,24.47694774,1,30.40912204,1,25.91117895,1,30.91672225
1,51.38891393,1,36.17040428,1,20.16946197,1,32.85744551,1,25.7850136,1,22.19197878,1,21.4409169
1,41.53926966,1,30.76332095,1,35.02736127,1,30.91543012,1,25.5277207,1,24.26249801,1,24.69251539
1,36.20079344,1,31.56916031,1,24.99868042,1,37.23559401,0,27.2707525,1,24.99742033,1,27.02517036
1,44.45247049,1,23.30769931,1,25.75845188,1,24.44717249,1,24.08624635,1,22.21471585,1,22.28641885
1,54.63550467,1,36.93905959,1,34.38747335,1,25.27599826,1,21.78898511,1,22.35702787,1,23.08425534
1,59.66576021,1,32.0846256,1,28.25574525,0,32.76306277,1,21.04043644,1,33.49504814,1,30.21512389
1,39.9266161,1,32.07712075,1,26.0386001,1,22.6720028,1,24.86981808,0,23.45143544,1,24.29999243
1,30.95843756,1,28.09154577,1,32.1013623,1,23.96078831,1,22.70794711,1,23.5162759,1,32.86133058
1,30.01790605,1,32.94430326,1,29.17331136,1,22.98661886,1,23.118815,0,23.83921607,0,22.91647707
1,42.80771057,1,28.67494303,1,25.89490706,1,20.99704893,1,31.0273738,1,22.5078712,1,33.21675472
1,39.21076998,1,27.11161127,1,23.27424046,1,29.94325682,1,29.58745597,1,21.015694,1,23.43174279
1,55.1842834,1,33.52694704,1,26.26120646,0,24.59057624,0,27.33989332,1,27.98896915,1,24.01688956
1,47.99718725,1,39.93677769,1,33.26062726,1,29.71037821,1,23.38064191,0,21.72703474,1,22.70355516
1,54.87188771,1,47.85040657,1,30.91527005,1,23.53457099,1,30.00717274,1,24.21170957,1,25.50499692
1,57.22254006,1,35.23807163,1,27.88871727,1,22.88096548,1,23.53373343,1,23.33912623,1,24.49264058
1,47.7352602,1,25.48795885,1,21.37911897,1,20.25542111,0,22.62516113,1,24.04043908,1,23.4368585
1,44.05742483,0,30.52263182,1,28.46291868,1,21.03614965,1,23.39443703,1,23.07554439,1,33.45420406
1,35.01016626,1,24.31157923,1,23.64863101,0,23.18527261,1,24.83978929,1,25.48371111,1,22.03337602
1,57.99902592,1,29.84294128,1,31.13550405,1,29.6845129,1,23.8617629,1,22.02945695,1,23.75104801
1,39.72271085,1,30.38817768,1,29.51494431,1,23.13418438,1,35.58239503,1,31.20306012,1,21.00186278
1,39.41382859,1,29.30298637,1,23.1296745,1,23.85387898,1,24.01967142,1,22.62607823,1,21.88952181
1,44.12910826,1,32.53342319,1,27.45325586,1,27.31979811,1,23.93984881,1,22.43037793,1,23.79133777
1,43.71145541,1,31.0278545,1,24.73540775,0,28.8792557,1,21.39921546,1,38.54532023,0,21.71204741
1,48.35318377,1,28.70026951,1,29.21727546,1,24.78469722,1,28.47094416,1,21.44078655,1,28.4138718
1,40.93709576,1,31.10948186,1,29.53847529,1,20.39591886,0,19.87711001,1,21.3317416,1,21.69626984
1,43.99643001,1,22.68655911,1,30.21927425,0,21.41942791,0,23.80166491,0,21.86676735,1,24.32489923
1,61.04378622,1,32.9542702,1,19.51938325,1,22.23064221,1,23.52704323,1,23.5478049,1,22.2215253
1,42.28486565,1,26.13975764,1,29.93440299,1,24.55941441,1,24.26737089,1,29.77265227,0,31.76200753
1,37.95989399,1,35.22643415,1,22.21821381,1,32.40466465,1,30.4611766,1,24.2652958,1,29.71739104
1,53.19200153,1,33.63146564,1,24.32449795,1,32.46172747,1,21.5887769,1,22.8530389,1,23.01655778
1,44.47082854,1,22.75837911,0,21.97698354,1,21.64418151,1,20.94111906,1,31.43886632,1,24.1867159
1,45.47559841,1,34.18456782,1,34.23547305,1,31.38652569,1,29.46253271,1,19.44153758,0,26.32050212
1,34.35120178,0,43.80110092,1,38.3428838,0,23.28476908,1,25.59994246,1,21.98321634,0,20.01441873
1,40.2160181,0,22.28471851,1,41.61893723,1,32.19593769,1,22.41227048,1,22.20024464,1,22.75195897
1,46.5352996,1,25.15396193,1,34.28334668,1,32.31310657,1,21.70773467,1,22.41920943,1,22.6058867
1,38.38016455,1,23.28337851,1,23.69802753,1,23.45999892,0,23.12348922,0,20.27432639,0,23.35300197
1,42.15569055,1,25.91259266,1,25.13351776,1,23.77662219,0,23.82544102,1,21.6530295,1,20.7413745
1,38.96967118,1,30.6447285,1,33.94764691,1,24.30752719,1,31.31468682,1,35.31947905,1,30.23432675
1,38.05635298,1,26.55191307,1,22.5671062,1,22.71005175,1,21.94798944,1,22.41660499,1,24.85443601
1,34.77423425,1,33.49896838,1,26.40237526,1,18.82868292,1,22.95332966,1,22.29588158,1,26.39176599
1,40.54623615,1,36.97601595,1,24.20870521,1,21.39492721,1,51.60903728,1,25.4479941,1,23.02331487
1,33.33618811,1,22.28755922,1,32.33690979,1,30.37226545,1,23.27191121,1,21.95602787,1,27.91310746
1,43.53769042,1,24.43411092,1,26.68853001,1,25.74863402,1,29.06155319,1,23.68892827,1,21.16223359
1,45.63924756,1,28.52645499,1,30.76059746,1,31.02112322,1,24.21601969,1,23.42146422,1,34.41027534
1,49.34554229,1,24.34930393,1,35.98557666,1,20.50607757,1,33.34481713,1,20.78235178,1,22.75134833
1,37.11824517,1,29.58473728,1,29.92102282,1,28.57451674,1,23.52086423,0,23.26817684,1,23.22840683
1,44.67559223,1,23.93578906,1,22.48640768,1,22.64733958,1,23.87321839,1,26.66323784,1,29.36654465
1,31.38737328,1,28.37969907,1,33.24386148,1,31.89823737,1,30.51014717,1,31.01190892,1,20.57426387
1,43.7913844,1,26.09560443,1,26.96637651,1,24.17080481,0,22.28173403,1,22.97553413,1,22.0814389
1,45.35672449,1,21.39219429,1,22.27154734,1,21.63772708,1,22.85489369,1,22.76328964,1,33.76715127
1,47.01872374,1,25.6826529,1,23.34041426,1,20.5767484,1,25.11082368,1,23.18321443,1,25.02121703
1,43.19624535,1,25.60223171,0,23.32266551,1,27.19504776,1,24.5618691,1,22.4915304,1,23.78049083
1,34.50923342,1,35.91947485,0,32.5362347,1,25.99623691,1,29.88615965,1,29.52919825,1,30.27091395
1,44.30495338,1,26.93230249,1,32.05569076,0,28.16977775,1,21.13238815,1,29.53937759,1,24.16487399
1,45.68305666,1,33.70110848,1,22.13456757,1,23.15729711,1,23.64492489,1,39.67532327,1,21.78049996
1,51.12253687,1,28.21516384,1,35.56454104,1,29.66428322,1,33.26569639,1,21.82022627,1,32.47829914
1,40.11082903,1,22.69715929,1,28.67265939,1,30.46726914,1,24.34074858,1,24.97062549,1,33.67977795
1,45.47549503,1,40.01840956,1,25.80432589,1,27.91679383,0,21.45601317,1,24.26281214,1,23.20355227
1,38.69856792,1,39.93113582,1,29.17037008,1,23.0586471,1,22.06301212,1,25.76002323,0,24.48791975
1,35.66962554,1,31.99923688,1,27.42011672,1,26.39287391,1,26.22128777,1,28.73855958,1,26.25156439
1,39.87185062,1,34.07567713,1,24.49893802,1,25.86152575,1,25.97257345,1,30.3574454,0,23.14545567
1,37.04722712,1,24.81059602,1,23.64377712,1,20.7994829,1,23.38124049,1,33.03711415,1,22.38190442
1,43.10163386,1,23.16871159,1,23.79543346,1,22.68503143,1,21.10591218,0,31.05858253,1,25.73550066
1,28.8318092,1,36.6037345,0,35.08627055,1,28.0061078,1,29.51922996,1,30.03188367,1,24.13815559
1,44.0251951,1,25.62325216,1,33.29737424,1,22.4446609,1,23.44377823,1,22.15864062,1,33.72323617
1,39.99588256,1,29.66356769,1,30.71381294,1,22.22974222,1,22.74983145,1,22.83070335,0,20.24233507
1,39.10864336,1,25.55608019,1,20.83887516,1,22.26941282,1,24.2882042,1,23.39582634,1,22.62396048
1,31.79481088,1,39.34107208,0,25.94290192,1,20.63783079,1,33.19782275,1,22.68079865,1,23.43267956
1,37.91422182,1,25.99742971,1,24.13059756,1,26.30742992,1,22.30712068,1,22.48472727,0,30.20920762
1,46.04164275,1,37.48083442,1,23.80463579,1,21.5625327,1,21.16108848,1,27.16470375,1,20.46034043
1,26.54526664,1,28.14430829,1,23.77849566,0,22.60039455,1,24.53007553,1,28.95603145,1,21.32059858
1,42.81800301,1,29.41650459,0,22.92404845,1,28.05807253,1,30.3249711,1,28.05366852,1,25.34451022
1,42.00811276,1,21.23740861,0,29.3961193,1,27.76258244,1,28.01096461,1,20.53527319,1,22.61038635
1,42.23335547,1,25.61049409,1,29.10731983,1,26.67433368,1,22.28671717,0,23.44296823,1,21.94938185
1,35.99612847,1,25.09778508,1,22.26238364,1,23.79720756,1,27.58336586,1,23.74633568,1,21.88134103
1,30.40337624,1,29.41462465,1,23.75477572,1,24.38546485,1,22.29055836,1,19.98202397,1,31.78353484
1,35.55824721,1,27.9206576,1,31.07270873,1,24.26823024,1,22.0669924,1,20.36900784,0,23.07325269
1,32.05035237,1,28.79605769,1,22.10782277,1,29.40240304,0,24.05053521,1,19.69845157,1,23.86953528
1,31.32163497,1,25.23713714,1,28.19721085,1,22.03108974,1,21.83881752,1,24.90934089,1,21.9154759
1,47.98076298,1,28.54582809,1,25.2049129,1,24.46342408,1,30.47175175,1,32.49887812,1,21.83512263
1,56.31822745,1,26.07689984,1,33.71516829,1,23.43485719,1,27.67330527,1,22.35694043,1,32.55090435
1,37.95210479,1,28.73998922,1,26.66211623,1,37.20213107,1,23.66875851,1,25.1922041,1,23.03503094
1,43.82930577,1,24.27337393,1,30.87564847,1,27.58962521,1,37.40739345,1,24.1472091,1,31.54432256
1,40.127857,1,29.62365088,1,37.47398905,0,28.9856618,1,23.69058634,0,23.58967514,1,21.17474497
1,53.28664778,1,28.52074248,1,30.8169146,1,24.12517555,0,24.22253989,1,23.23912347,1,26.77599316
1,41.80960579,1,47.89777767,1,33.49686802,1,22.87420828,1,24.07497671,1,23.44404277,1,23.117327
1,39.39414507,1,44.42974229,1,31.71506841,1,22.5026456,1,23.0565416,1,23.11364243,1,24.09886016
1,34.27930793,1,29.18031778,0,23.04134825,1,27.17707071,1,23.7057934,1,24.61042739,1,22.99982624
1,34.72802008,0,26.57582979,1,29.45891119,1,31.86344582,1,22.30572473,1,23.75188843,1,21.85252717
1,39.73072138,1,36.56498551,1,23.27738472,1,32.84851179,1,31.34827591,1,22.94079291,1,21.58829094
1,45.17242296,1,29.75246959,1,25.67576906,1,21.51858545,1,34.72692792,0,20.12419687,1,24.14460577
1,37.44660328,1,24.55786623,0,24.9627315,1,28.30957486,1,22.60437809,1,24.58286755,1,24.11125932
1,41.8080246,1,25.42194205,1,29.16958567,1,26.8057482,1,23.14348834,1,36.59749949,0,22.61961186
1,44.84995519,1,22.46943165,1,20.96873437,1,31.9806568,1,20.95744276,1,29.52126612,1,22.60417682
1,35.20348873,1,35.39319814,1,25.28191522,1,26.78941841,1,30.95107446,1,22.24084048,1,23.50940139
1,39.88414117,1,40.47962908,0,34.24634882,1,28.91898018,1,24.36331236,1,23.33210763,1,31.04981027
1,44.17571893,1,27.75533215,1,21.01014064,1,27.375117,1,25.99223313,1,24.49940439,1,20.52528992
1,45.1852486,1,34.23895354,1,22.51420616,1,30.12231716,1,21.42476552,1,31.63322237,1,23.28033698
1,37.2089702,1,27.2669805,1,28.34041396,1,27.88043032,1,23.6062607,1,20.47423795,1,33.17826582
0,49.26849262,1,27.37279377,1,33.21522533,1,28.72014526,1,29.43923887,1,22.57117833,1,28.47303841
1,51.74055368,1,25.67455995,0,21.1452641,1,29.39517206,1,22.87142048,1,25.06384481,1,23.78086229
1,47.73100789,1,27.39898973,1,27.43675642,1,21.20423899,1,22.65927528,1,35.57122023,1,23.58541246
1,38.67267066,1,25.54161361,1,24.55854395,1,24.97295933,1,22.74115343,1,32.47391874,1,30.70566761
1,50.03691562,1,31.59776704,1,30.13976894,0,23.32911072,1,24.7002699,1,24.13817966,1,30.46749901
1,31.59319298,1,25.19988546,1,29.32498959,1,28.87043168,1,23.17121189,1,25.49730997,1,22.93135505
1,42.94608729,0,30.25289368,1,27.77245605,1,25.66495897,1,31.03437919,0,23.83273137,1,21.36688775
1,63.57471232,1,35.90977125,1,21.20973367,1,21.82622168,1,21.32973287,1,23.18202607,1,21.8949122
1,33.81611425,1,37.41126556,1,25.1410433,1,20.70824236,1,23.95670663,1,27.13166866,1,26.45025044
1,40.6285355,1,29.83808517,1,25.11573914,0,22.11662145,0,21.49588502,0,22.30581125,0,23.75963706
1,38.68752056,1,27.98155639,1,36.72231642,1,26.55809429,1,24.03541857,1,24.36701798,1,26.36103749
1,43.60236772,1,36.14996769,1,22.65223084,1,28.54736021,1,23.7750654,1,19.82719511,1,22.3291605
1,39.26228583,1,29.28448817,1,30.75627542,1,24.10094428,0,22.8508338,1,23.46780779,1,20.29563133
1,38.53929218,1,32.21257488,0,23.34601216,0,22.43506499,0,25.08985037,1,23.19632218,1,21.12360748
1,46.37002387,0,30.0548441,1,31.22265825,1,21.24361011,0,19.69894143,1,24.04623514,1,23.13786024
1,38.35797353,1,32.09075038,1,22.37449408,1,34.93847833,1,24.3137992,1,20.53163766,0,20.03593313
1,39.23768822,1,27.51817559,1,32.58954238,1,30.17825761,1,23.59426842,1,21.81960113,1,23.48617061
1,34.32157275,1,30.62633782,1,22.1210179,1,23.7717078,1,24.29166015,1,25.85800968,1,24.99067344
1,39.90936947,1,26.85468395,1,23.0509177,1,23.9229356,0,21.36956042,1,25.19047874,1,22.68363652
1,45.65541137,1,30.03058455,1,26.01859384,1,41.12834245,1,22.03134324,1,22.70942541,1,21.69529275
1,35.32414957,1,31.84511767,1,25.31957494,1,21.09813038,1,28.92510718,1,22.9596473,1,22.83163099
1,38.1040618,1,35.1712487,1,34.80553863,1,27.14321238,1,31.91069971,1,22.77657369,1,23.216107
1,36.35878833,1,22.985699,1,44.57391504,1,26.45479863,1,31.04977129,1,35.63660805,1,19.92729994
1,29.46281597,1,23.9600161,1,31.91357499,1,28.02175508,1,21.29642104,1,23.55585549,1,22.85687016
1,38.66135219,1,28.35018494,1,24.71243738,1,24.20471532,1,22.27690097,1,22.44136782,1,20.73752683
1,45.00631656,0,29.48614811,1,33.41956734,1,22.53796622,1,29.16918248,1,21.86087188,1,21.80198999
1,32.65609969,1,29.09597022,1,23.71328137,1,27.49224534,1,26.55398383,1,22.44595292,1,24.44028133
1,35.76101918,1,23.45236495,1,23.21892687,1,24.60156437,1,27.2198329,1,24.31500937,1,22.41273101
1,49.97506171,1,30.85787657,1,22.93968746,1,29.2716852,1,23.8424736,1,25.11974104,1,22.84980264
1,47.71782846,1,21.02995062,0,26.58588549,1,27.89768035,1,22.6200609,1,26.46004146,1,31.34238441
1,46.03438871,1,31.79579643,1,32.80601372,1,22.8268912,1,25.53526391,1,23.12698768,1,30.99393099
0,33.78102301,1,46.82351184,1,22.53591069,1,27.48279997,1,29.08433276,1,23.43658049,1,23.51327825
1,31.79842358,1,25.3559428,1,24.21441128,1,22.43404156,1,27.04191808,1,23.60261334,1,21.10647815
1,31.54618641,1,24.60611158,1,32.66283912,1,30.46456898,1,22.55849538,1,25.86671738,1,23.53623568
1,47.28701782,1,29.80323035,0,25.58070923,1,26.28998456,1,32.21343054,1,22.77241442,1,22.93028546
1,37.19993341,1,24.84295822,1,31.62318296,1,20.56873098,1,30.62624737,0,21.2409322,1,22.53310959
1,46.72006438,1,23.71478723,1,40.17977765,1,25.37113996,0,20.29513179,1,22.02713102,1,23.17069954
1,34.65370048,1,26.69154443,1,27.60914317,1,21.38209873,0,21.49111786,1,31.31960137,1,22.27382052
1,48.30024401,1,29.07566719,1,22.3596771,1,25.82663114,1,22.83614645,1,41.03417535,1,21.53255049
1,42.41866691,1,24.02598894,1,28.09413289,1,26.88101151,1,24.8866891,1,22.70314218,1,23.66138529
1,34.42476828,1,32.06367614,1,30.47191652,0,22.06625932,1,24.53182199,1,26.35940392,1,21.07268884
1,39.72625433,1,30.48896587,1,29.10928398,0,21.91749366,1,28.59146816,1,28.50596932,1,25.12246671
1,44.36927794,1,31.62469487,1,29.90951817,1,23.28393625,1,22.65406961,1,22.58341545,1,22.89855275
1,38.16293027,1,39.13906908,1,24.8646591,1,24.43795912,1,24.1646023,1,30.01073024,1,23.35406635
1,46.75159146,1,27.40063313,1,27.03780643,1,25.77162299,1,23.56495898,1,24.71219912,1,29.88729605
1,37.6496271,1,29.79195978,1,26.63975143,1,22.16591535,1,33.0676314,1,25.54312995,1,22.71106367
1,37.95318608,1,24.86651498,1,21.55592792,1,23.15593223,1,31.66073875,1,41.64423319,1,29.73102889
1,45.87749657,1,38.16410606,1,27.42996748,1,30.50899929,1,20.71355141,1,25.17398657,1,25.14675171
1,47.51553227,1,28.54949756,1,24.11343592,1,29.53424662,1,26.23485787,1,22.99713996,1,22.92688326
1,47.34828399,1,27.73242936,1,25.46023668,1,25.47667487,1,28.87118351,1,21.40700524,1,25.61477932
0,32.27631778,1,31.08031209,1,24.74138437,1,28.93294931,0,22.23661515,1,34.03939462,1,23.66003795
1,35.85780364,1,26.55090981,1,26.5715342,1,21.38390882,1,25.80279061,1,23.12475937,1,21.84435261
0,30.07035886,1,29.28009305,1,28.3538947,1,28.76908786,1,22.45019251,1,23.81292486,1,24.33057751
1,45.60630229,1,38.267864,1,21.9447017,1,30.73106274,1,21.83530014,1,24.39416538,1,33.07322154
1,58.00513098,1,34.82296896,1,23.88600807,1,22.66923538,1,22.25217344,0,23.9016239,0,20.52744804
1,36.79468775,1,30.71747076,1,36.94746846,1,26.8823401,1,35.80814357,1,41.99801601,1,23.22434296
1,44.7990788,1,29.59601287,1,22.08061893,1,21.07606986,0,40.42829717,1,21.98216849,0,22.59341715
1,53.10733251,1,22.02072197,1,25.74917751,1,28.86872255,1,25.92095035,1,24.43903313,1,26.38752706
1,51.95374043,1,24.59021965,1,35.03136875,1,21.81310359,1,24.05924133,1,21.67290545,1,24.01984098
1,41.41561673,1,23.71394364,0,20.48089347,1,32.6299027,1,21.41856353,1,30.14843389,1,22.54594493
1,35.63594696,1,32.39109647,1,31.48955698,1,39.45937969,1,23.72511898,1,24.47489828,1,27.84398029
1,42.02680371,1,37.22561559,1,29.15717579,1,28.04584729,0,30.7984854,1,22.04413555,1,24.71521105
1,50.74518398,1,26.34053424,1,33.48883517,1,30.71148759,1,21.53406873,1,25.07184988,1,23.07692705
1,35.17341692,1,30.64804495,1,22.43569385,1,21.40257346,1,22.59694422,1,24.43071415,1,23.45215096
1,45.04765552,1,39.51877549,1,27.84244667,1,23.42335975,1,26.034086,1,24.62896199,1,29.80846048
1,43.75112284,1,28.12543363,1,22.93850926,1,29.1385895,1,22.57545503,1,23.52316097,1,24.96816723
1,38.45725489,1,43.1257361,1,27.4706242,1,32.01002371,0,29.4427966,1,33.92526977,1,30.90394029
1,37.72818842,1,34.00700906,1,29.8455374,1,23.10321142,1,23.23349338,0,21.60418253,1,28.194176
1,37.85073419,1,34.00995502,1,25.66209289,1,23.49974145,1,22.72264133,1,32.70650959,1,23.24850833
1,38.22271863,1,24.7282445,1,27.64995284,1,30.66201079,1,25.96209313,1,29.86815745,1,22.81628725
1,38.81384968,1,28.26854568,1,31.83741487,1,19.32275997,1,31.13916387,1,28.56935151,0,22.76885435
1,41.96661232,1,36.22380767,1,27.46867844,1,30.41411636,1,35.61263007,1,30.30372937,1,23.07278144
1,56.29737618,1,29.95564412,1,23.19502686,1,29.38651448,1,23.50015136,1,22.50463442,1,23.57799289
1,35.69612349,1,26.11459605,1,30.26374389,0,29.35326089,0,24.99487745,1,19.75012097,1,30.49625625
1,44.56061903,1,25.47782132,1,27.30057961,1,23.14814304,1,35.38947578,1,23.64142936,1,21.46865431
1,49.94424639,1,23.42509884,1,21.88304053,1,29.63850971,1,26.10714083,1,23.89060699,1,28.00237028
1,40.51618797,1,37.17162831,1,23.1467964,1,29.61460156,1,33.05013263,1,22.21462107,1,30.15839812
1,37.69410166,0,25.31419269,1,23.74125084,1,21.57608222,1,23.95363468,0,23.67226667,1,21.0135641
1,36.23454512,1,35.16051264,1,33.86189431,1,30.31961643,1,23.52520894,1,23.08606616,1,32.87421739
1,41.85327982,1,29.71736614,0,25.67779097,1,21.69780515,1,38.40530308,1,23.64353346,1,24.06091346
1,55.32845288,1,31.72107029,1,27.45678652,1,28.37022621,1,28.83527465,1,22.84964423,1,29.6257963
1,33.88033678,1,33.01579772,1,43.60557133,1,25.62275811,1,21.8588707,1,30.11554974,1,23.4767367
1,45.20546643,1,26.92150145,1,37.49697653,1,24.07118238,1,27.94347263,0,22.80135137,1,33.56151602
1,52.66416974,1,28.69161537,1,22.56410017,1,23.86671063,1,29.04826562,1,24.83279883,1,24.4456929
1,40.2868936,0,30.39352354,1,22.48921712,1,23.04709825,1,20.0771902,1,23.8650214,1,24.01117186
1,35.26722568,1,22.38058387,1,32.44729494,1,30.99947726,1,21.85639261,1,21.7666045,1,23.28633613
1,50.957681,0,26.12693862,1,26.51268274,1,29.82688178,1,22.66503992,1,25.54987044,1,32.48294274
1,38.24561512,1,46.68455313,1,34.75868291,1,23.03534374,1,21.44663526,1,29.80587728,1,22.61070457
1,38.29460793,1,29.5276355,1,21.03172955,1,23.18577102,1,23.791374,1,28.92104262,1,23.79713701
1,36.81435668,1,26.76867075,1,27.4502586,1,22.75673263,1,23.40214068,1,27.14757067,1,25.57635907
1,49.35206673,1,33.06278352,1,32.31670938,0,20.94980235,1,22.70948801,1,22.59711399,1,24.45257355
1,28.42252732,1,26.91087061,1,29.78139415,1,24.58151218,0,21.34541889,1,29.98086652,1,24.75986015
1,32.689425,1,26.90290968,1,21.97125524,1,23.77211072,1,23.49645915,1,23.41248391,1,20.2677723
1,35.92029079,1,33.54252106,1,23.97986955,1,21.42768645,1,22.25770603,1,23.16286097,1,25.98068249
1,47.8352699,1,35.73389599,1,19.81293205,1,22.36046973,1,22.74295528,1,21.70436327,1,30.51152444
1,52.32259021,1,28.26069201,1,24.11976186,1,21.75446538,1,25.98234254,1,22.73157318,1,22.33703108
1,36.61810508,1,39.40563269,0,27.77900864,1,28.13315833,0,26.21951192,1,23.82456213,1,23.48798583
1,34.36908868,1,31.71654931,1,34.47841354,1,36.83982821,1,23.5484563,1,23.77073024,1,30.55659274
0,48.27339329,1,28.07924695,1,26.9964987,1,26.43411522,1,19.60558339,1,24.76079817,1,21.93025381
1,42.84170482,1,30.22333173,1,33.09163253,1,34.39916429,1,22.30051715,1,31.66586601,1,32.01836835
1,60.44777743,1,31.31035412,1,25.48589898,1,21.72119022,1,22.73594801,1,23.87620781,1,29.95017059
1,35.51094321,1,40.6419483,1,20.85027693,1,21.57362586,1,22.60609298,1,23.47677302,1,22.79814533
1,41.66650921,1,23.51355204,1,22.79854044,1,22.2234271,1,36.44507388,1,21.85148951,0,30.7628192
1,50.38873832,1,26.14486204,1,27.26766122,1,20.40398401,1,31.55773887,1,20.16769886,1,30.84619416
1,54.30747732,1,29.82971765,1,25.78726584,1,25.26690472,1,21.9645106,1,25.96884033,1,31.20298983
1,54.24184123,1,34.86979739,1,23.47843621,1,30.20620916,1,34.57658783,1,22.79452944,1,29.63104946
1,39.47877303,1,24.21697433,1,32.82637717,1,30.78959669,1,28.19786237,1,23.83602411,1,21.79609958
1,42.2331443,1,35.36392907,1,24.03943078,1,25.54999254,1,22.1478726,1,24.72312419,1,20.34184919
1,42.17176476,1,38.45047365,1,27.12457606,0,24.31886245,1,31.87361353,1,21.8932857,1,31.73164194
1,37.4085373,1,30.74520098,1,28.29470932,1,23.78697367,1,22.66675633,0,25.89889113,1,22.57011666
1,37.69263574,1,22.6332212,0,24.94086663,1,22.55650116,1,21.01629232,1,22.91591387,1,21.46443739
1,42.67943163,1,28.18683795,1,25.21969285,1,22.81203546,1,22.49700789,0,22.82480901,1,23.78270435
1,47.72102941,1,29.6629744,1,26.41359173,0,18.52359224,1,27.62181523,1,21.98235043,1,21.25752959
1,37.43131539,1,29.17598583,1,36.97831639,1,26.48129198,1,22.17181456,1,23.73898449,1,19.91329774
1,39.17767548,1,35.74707601,1,19.03940924,1,24.07180343,1,24.21921334,1,28.48803689,1,22.33305423
1,54.90092684,1,41.80733216,1,23.00299538,1,24.03154564,1,24.38102488,0,37.9716516,1,22.3322626
1,52.03486145,1,28.45918358,1,23.05973838,0,36.84742742,1,28.8487207,1,21.91094211,1,22.8632295
1,41.73746414,1,30.42638166,1,23.58472198,1,23.20815507,1,23.21741781,1,24.31512788,1,42.62905043
1,42.14566938,1,29.84305802,0,28.72646067,1,38.43655768,1,28.11935019,1,23.94903424,1,22.10813281
1,42.07180471,1,22.87051532,1,21.52178541,1,28.4005758,1,23.71569492,1,30.16972702,0,30.2954544
1,44.18802486,1,27.76103756,1,28.55282807,1,22.10226117,1,22.74986531,1,23.81042044,1,21.58982857
1,34.62801365,1,31.40191691,0,31.24897752,1,26.80230492,1,23.3622529,1,24.03693125,1,32.70335969
1,49.50271395,0,31.69713003,1,22.61847319,0,20.09046165,1,29.43752423,0,28.92478157,1,25.71952526
1,43.41070938,1,29.94826956,1,23.21902684,1,29.27249872,1,28.50080824,1,20.9801688,1,22.51889259
1,33.80402556,1,38.67581392,1,29.73281839,1,27.19420185,1,35.87280322,1,33.49963762,1,21.60028055
1,35.22637909,0,40.23383911,1,22.11948099,1,20.99477305,1,24.5101653,1,21.6267208,1,30.02009724
1,38.3595671,1,25.16095074,1,28.26528406,1,30.58574245,0,35.70702888,1,21.7879963,1,23.76703431
1,33.24898861,1,28.60963825,1,29.44480939,1,24.03858856,1,29.14208642,0,22.4812725,1,25.13072643
1,39.68238962,1,27.9489555,1,30.09161259,1,22.30296968,1,22.50179817,0,22.46020949,1,23.41362857
1,39.2152138,1,22.1746068,1,27.2680098,1,21.75961882,1,23.03674148,1,22.60116739,1,23.42000161
1,52.54788971,1,35.17486026,1,30.04075447,1,20.56345885,1,21.55687116,1,22.89246867,1,23.12021074
1,45.30514109,1,33.89064114,1,26.42363022,1,25.49712817,0,31.68650715,1,24.58741614,1,28.25251914
1,38.03415398,1,25.08770925,1,26.32841469,1,22.19223455,1,24.75362954,1,27.18429439,0,26.53634267
1,37.47170102,1,36.75548023,1,34.59663537,1,20.11088602,0,30.01637707,1,30.0784244,1,30.54178052
1,55.74224963,1,27.50379787,1,21.45909121,1,23.88109338,1,32.53377428,1,21.1450154,1,20.80586827
1,37.45680107,1,38.29917033,1,29.96777213,1,24.0270391,0,38.16068576,1,25.14967102,1,24.02832143
1,32.43419036,1,29.6657221,1,22.06617046,1,29.69047755,1,21.982971,1,22.92104264,0,21.26412712
1,32.77560494,1,32.10707673,1,29.97896544,1,22.97952776,1,29.59287326,1,33.20195473,1,32.13872903
1,39.76900907,1,31.05562699,1,29.69964611,1,30.90788742,1,21.94443607,1,20.04276351,0,23.85315619
1,35.70780058,1,43.64366463,1,30.19415688,1,25.71796011,1,23.01994441,1,36.47008097,1,23.53856569
1,52.24117265,1,33.60848298,1,23.04444691,1,24.66082224,1,22.48673861,1,24.9873888,1,26.03145759
1,44.09037329,1,27.99019626,0,29.96450462,1,25.82617606,1,24.82219299,1,22.03153928,0,18.33001502
1,39.57647375,1,31.24563941,1,35.97027946,1,27.73464588,0,21.19290803,1,27.727341,1,26.65711348
1,37.17470614,1,27.05492802,1,23.8223064,1,21.81434036,1,25.58122888,1,26.94390328,1,26.51213811
1,43.25805935,1,24.76499124,1,28.52605859,1,21.99049511,1,21.08318724,1,31.93378261,1,26.88531524
1,46.52269553,1,28.04857946,1,32.61088444,1,32.82727064,1,28.37174767,1,21.70801413,1,23.37031484
1,43.9223696,1,32.14029881,1,32.67951993,0,20.29777838,1,31.4262712,1,30.76757683,1,22.44902584
1,56.24959191,1,24.32224704,1,33.9590707,1,31.13470252,1,22.91351417,1,23.93174462,1,21.5655524
1,43.79348821,1,35.19353194,1,36.64235328,1,22.44904232,0,21.01583999,1,22.2186632,1,29.16896374
1,43.00940382,1,31.93214516,1,26.3802725,1,24.89136956,1,28.92168033,0,22.620611,1,23.96940032
1,49.90103089,0,28.82555532,1,26.51520835,1,22.24760977,1,21.99300935,0,22.24287933,1,24.9749628
1,44.1451811,1,24.36965074,1,25.86834739,1,24.22194434,1,31.13119308,1,22.47183659,1,21.34178214
1,28.72086114,1,31.90185401,1,31.00126917,0,25.74714831,1,37.20972761,1,21.981131,1,23.86949669
1,45.51077006,1,21.29618275,1,29.03426979,1,28.75031315,1,22.47430325,1,22.73166736,0,21.54754091
0,30.32570268,1,34.63572273,1,37.75752358,1,22.5256964,1,29.15920123,1,22.02250895,0,25.54340573
0,46.3038904,1,35.45730365,1,22.29242318,1,32.2585762,1,21.53772872,1,33.79110965,1,29.77640742
1,42.22463032,1,25.78013277,1,24.82438316,1,20.72268797,1,24.97330347,1,22.01042179,1,22.67021921
1,40.49404903,1,31.90652593,1,29.59161673,1,26.44641841,0,23.64702764,0,20.51214714,1,21.10050277
1,68.47269023,1,22.44738903,1,24.43405533,1,22.10112715,1,29.73348778,1,33.24006787,1,26.14975527
1,29.28552481,1,30.19381939,1,21.22131681,1,23.57203249,1,22.11693954,1,20.44458791,1,20.93838889
1,42.5589787,0,31.62210203,1,22.87622546,1,25.43615791,1,27.13819753,1,24.74885629,1,23.42518249
1,43.3594191,1,34.07782374,1,32.93336175,1,26.19174406,0,27.7942208,1,21.30516477,1,23.50004804
1,42.67713546,1,31.87662316,1,29.78483456,1,23.00868302,1,23.07728541,1,23.19458922,1,25.56608122
1,38.02397247,1,30.89869251,1,30.05357077,1,23.80789765,1,21.15279642,1,22.95772283,1,20.78682887
1,33.19490079,1,28.27606053,1,28.51765499,1,24.15099976,1,24.70438914,1,23.86719812,1,24.91859731
1,46.94735042,1,27.1926196,1,22.46781687,1,22.35093266,1,24.52635837,1,21.29161847,1,20.82402794
1,63.14699697,1,38.11808875,1,34.08065982,1,23.09382881,1,23.04654373,1,23.71409293,1,22.57051642
1,39.89250931,1,24.23284756,1,22.38772261,1,21.17508219,1,28.57799131,1,27.24862671,1,25.12996847
1,37.86458976,1,32.90807177,1,23.5490431,1,23.75324775,1,20.78215272,1,24.99566533,1,25.39846796
1,42.25514248,1,34.46767771,1,22.01435667,1,22.83451232,1,30.67627108,1,23.70849103,1,31.6848811
1,37.71702467,1,36.28623983,1,22.24414741,0,26.45471896,1,25.73004337,1,26.97568942,0,30.16950503
1,45.56428502,1,31.46718155,1,31.18628665,1,22.72119746,0,33.74254724,1,23.62833958,1,21.99752623
1,48.59835337,1,24.21153652,1,23.80877308,0,30.6570841,1,32.53456107,1,23.62245219,1,23.49453681
1,35.2439821,0,29.65720185,1,29.49108416,1,33.21069823,1,22.3467544,1,23.34400389,0,22.84787431
1,43.04947613,1,38.93441748,1,26.47142417,1,24.84396579,1,24.40780926,1,21.35815794,1,20.502698
1,39.51870371,1,35.61698766,0,21.80147806,0,20.50624631,1,34.84370839,0,30.410768,0,22.6266232
1,48.06571334,1,28.05664289,1,27.69905711,1,22.1028963,1,22.74533225,1,26.57644798,1,25.24993337
1,47.09493726,1,27.55522974,1,33.65091713,1,23.70205365,1,26.35052248,0,23.66664135,0,21.10120988
1,38.56336656,1,30.32772156,1,23.80081689,1,22.45708646,1,30.1497811,0,23.66904834,1,29.7870157
1,40.76120876,1,46.88661362,1,23.06517463,0,21.85444649,1,30.72843171,1,23.75092686,1,23.31760156
1,43.15250752,1,29.33926652,1,33.6119583,1,21.98848174,1,21.38150524,1,24.04823016,1,24.17617125
1,35.53550894,1,31.26270105,1,28.68791681,1,21.9023309,1,20.64670889,1,20.29124113,1,21.81940085
0,33.01624114,1,31.41177022,1,35.24954627,1,29.89705552,1,28.85574163,1,31.14046704,1,21.63277317
1,40.74475601,1,32.94163784,1,31.31487596,1,29.63704584,1,23.72893621,1,23.1440133,1,21.60645959
1,31.03759015,1,48.62462811,1,26.14761016,1,33.14459181,1,22.90903118,1,24.40332049,1,31.39187031
1,47.76476783,1,25.72227622,1,32.33209551,1,27.07236461,1,22.76849568,1,24.30891016,0,21.99990297
1,32.73790199,1,35.6476149,1,27.08564167,1,28.89238196,1,26.35620498,1,32.5302877,1,22.45060979
1,32.28493346,1,29.36344923,1,24.97082209,1,27.93551599,1,29.40278314,1,24.66112516,1,25.44664035
1,33.06461967,1,31.49944779,1,20.85906047,1,29.84459701,1,22.01152683,1,23.653172,0,19.95038292
1,37.61462514,1,25.01541376,1,29.74948524,0,22.80552636,1,22.23310565,1,30.37043441,1,22.57911134
1,41.5342974,0,25.22781432,1,31.33054887,1,22.73119387,1,32.54853686,1,31.97438422,0,23.08264492
1,46.60931987,1,40.0883725,1,24.36794818,1,21.65765023,1,36.20141453,1,23.3744055,1,24.08191347
1,37.31020435,1,29.66290278,1,19.9485599,1,19.58879581,1,37.35516107,1,20.97922115,1,26.19543241
1,36.3102353,1,27.42718237,1,32.99061037,1,35.07179228,1,22.25875064,1,21.73918133,1,29.17999314
1,50.47014755,1,25.46763332,1,35.34714433,1,29.54076709,1,20.59263619,1,23.48931757,1,32.3309688
1,36.70453369,1,21.97623879,1,22.96478304,1,29.3896621,1,22.44127723,1,31.8673511,1,22.03178533
1,37.96647041,1,47.43788717,1,23.96758983,1,26.59489424,1,21.21311608,0,21.23806,1,22.3972265
1,40.97536282,1,41.36776622,1,29.74287355,1,29.38524966,1,27.88201786,1,24.401826,1,22.16907832
1,40.15202114,1,38.2618769,1,22.49702991,0,27.76971154,1,23.96126323,1,20.84704813,1,22.47756284
1,44.4275046,1,26.65591498,1,27.76931422,1,23.93364121,1,23.46325357,1,36.40498702,0,23.99089696
1,45.33245048,1,29.42637227,1,27.73046293,0,29.0239771,1,23.91401855,1,29.89472047,1,22.99573108
1,45.11474474,1,29.71534373,1,35.32732903,1,31.73107861,1,22.02298335,1,22.09619593,1,22.25130318
1,41.57022497,1,31.62284358,1,33.92530636,1,24.90508339,1,21.19232338,1,20.13072267,1,19.77742528
1,44.10219532,1,25.33491179,1,26.43980969,1,24.78376412,1,20.85959856,1,27.52032225,0,33.29672537
1,37.14740105,1,34.61503742,1,26.94970374,1,27.44385249,1,23.26170801,1,23.79809026,1,21.32478176
1,43.07184173,1,38.68804866,1,22.68557396,1,35.809031,1,21.05316638,1,24.82050554,1,22.86582413
1,40.4244471,1,31.21195613,1,31.18363663,1,28.05080477,1,21.68394521,1,28.24837989,1,23.83916332
1,41.05451117,1,37.34914519,1,27.97699336,1,25.5364062,1,21.43052451,1,22.59477066,1,24.85666038
1,38.53203113,1,22.45838675,1,22.6292404,0,24.36799911,1,24.11335907,1,24.08933187,1,21.89447504
1,41.98232961,1,35.99908687,1,31.29984207,1,28.05510191,1,22.49065417,1,23.0724301,1,22.7529225
1,45.68617716,1,27.01817287,1,24.88969955,1,31.75116074,1,21.79207525,1,19.65866875,1,24.23675406
1,40.71406558,1,28.57490199,0,30.41597889,1,21.53543806,1,29.73094036,1,21.67275451,1,25.96813116
1,38.39425419,1,30.22862264,0,36.61626044,1,28.51985866,1,22.0341013,1,21.83366748,1,36.1786693
1,35.64879559,1,24.41358321,0,24.47362177,1,29.17981455,1,23.78846788,1,24.03402995,1,21.78185567
1,39.35863512,1,41.46744991,1,26.0902016,1,21.18735421,1,37.02069628,1,22.80440711,1,21.92501225
1,46.75647859,1,25.42253087,1,24.55514357,1,23.61977178,0,36.39960067,1,23.87317675,1,25.26294341
1,31.86915192,1,33.52876423,0,24.57749816,1,25.21293508,1,25.08294021,1,23.46820544,1,22.71106626
1,46.51517874,1,31.59890173,1,23.05208325,1,37.78881707,1,23.26818451,1,22.63549309,1,21.38498256
1,44.04088798,1,25.05192343,1,28.99312867,1,24.04909957,1,24.22741795,1,30.78682757,1,24.39962482
1,40.49808862,1,30.94960369,1,32.19548003,1,22.65110394,1,30.22809723,1,23.17341948,1,23.4734566
1,40.42484957,1,25.07112991,1,23.91566975,0,23.68130869,1,20.23509599,1,30.16042838,1,22.57495077
1,36.39602855,1,31.97140849,1,22.69486404,1,31.30627307,1,22.3612677,1,25.28232143,1,24.21271911
1,45.13067586,1,25.18282459,1,30.93093224,1,21.69329212,1,29.1970313,0,24.42209136,0,23.68839466
1,47.80061948,1,28.49180781,1,28.51426282,1,42.19092716,1,33.44145019,1,30.24839418,1,24.26539229
1,37.08414669,1,32.70660925,1,36.23385556,1,32.13605645,1,30.68881146,1,21.58914232,1,23.02199876
1,46.66408624,1,22.18723957,1,23.56008901,1,22.72675503,1,24.47258282,1,24.67340997,0,22.29093672
1,36.02002788,1,25.23143746,1,25.58297743,1,25.79369891,1,28.89011611,1,25.23712121,1,21.92615959
1,34.47170697,1,28.7826042,1,27.19461271,1,27.57323121,1,20.91690045,1,21.86205474,1,22.45100242
1,30.54415786,1,24.12724327,1,38.83138575,1,28.61152568,1,30.53714121,1,22.11929602,1,29.71706401
1,34.84156695,1,30.23180718,1,32.51155401,1,31.01621924,1,24.7291858,1,21.96593181,1,22.33063834
1,38.91400881,1,25.76918727,1,28.12485884,1,29.5928692,1,24.24686354,1,23.42382547,1,22.57782534
1,45.32523063,1,27.69202635,1,31.83063578,0,31.37273181,1,22.14837631,1,29.33573649,1,22.61909071
1,47.6884176,1,28.17003282,1,33.8276114,1,22.31307534,1,24.40069102,1,24.38214506,1,22.96460527
1,41.0389998,1,30.24738847,1,26.39971059,1,25.72636195,1,33.20066311,1,22.79823656,1,22.14419114
1,38.85766207,1,29.35446912,1,25.07582558,1,19.83891785,1,24.39740595,1,30.95593083,1,21.87786316
1,43.61031254,1,29.22800039,1,31.17372946,1,27.56366466,1,20.49478307,1,22.72114671,1,22.81153834
1,29.8772069,1,28.76294642,1,35.82218791,1,23.32661516,1,21.56535206,0,20.70429394,1,24.94275408
1,48.28009041,1,33.00828733,1,21.78769363,1,23.88437338,1,22.92596785,1,23.32988781,1,23.14589663
1,46.49506725,1,34.28318894,1,27.24719157,1,21.05866273,1,25.75042261,1,28.20349629,1,33.59262319
1,41.06197806,1,30.81433531,1,37.02514259,1,25.07725721,1,23.45964306,0,20.64811202,1,23.92422867
0,31.88768835,1,29.31515896,0,21.26554744,1,25.52163951,0,20.80192497,1,23.11600757,1,22.93976642
1,39.40397326,1,40.70823385,1,27.13884405,1,19.72352853,1,28.35788768,0,21.61461649,1,20.84025141
1,25.17649505,1,23.51246565,1,34.77162613,0,21.65983095,1,24.09539154,1,25.31568421,1,22.26978089
1,38.93700034,1,38.44720101,1,25.0657613,1,22.76843198,0,28.89903269,1,22.90562148,1,28.09902847
1,42.41625502,1,41.53383708,1,31.05227758,1,21.75831147,1,23.4845994,1,22.29630101,1,38.44905808
1,48.52056794,1,24.95316587,1,23.80778592,0,26.82712378,1,30.3816085,1,24.8024917,1,22.2674475
1,51.6912629,1,40.4348141,1,23.31097774,1,21.3707115,1,22.39134693,1,25.00804911,1,21.50915926
1,55.68165774,1,33.32982944,1,50.80094597,1,24.78829737,1,23.89364898,1,26.5241605,1,24.11869036
1,37.88303211,1,29.94016225,1,29.63172635,1,29.22576648,1,22.42576885,1,23.2868662,1,24.81782539
1,40.22485939,1,22.55396908,1,34.13136176,1,27.97595352,1,43.04170419,1,23.89857636,1,24.10389734
1,35.18194107,1,30.36851266,1,28.3318919,1,21.74646471,1,20.22324511,0,22.67684293,0,20.73352274
0,40.5549464,1,42.10071608,1,25.85317945,1,22.25245984,1,28.17491226,1,34.477049,1,24.14991929
1,44.99684889,1,22.48597883,1,31.03958369,1,22.57708248,1,23.62385327,1,32.54733302,1,23.5636414
1,44.65503956,1,24.65701823,1,34.34589823,1,30.67433656,1,38.88645674,0,21.87856087,1,35.07918466
1,45.79249063,1,30.7438587,1,27.94820421,1,25.65367737,1,33.11266025,1,33.05401396,1,24.91601906
1,42.76441319,1,48.55464636,1,29.13723027,1,26.24589911,1,21.93810482,0,22.52501361,0,21.23955378
1,36.52290142,1,29.72242644,1,25.10888107,1,28.74181301,1,23.124891,0,22.43891003,1,23.68458491
1,38.21298459,1,24.89385192,1,26.68542233,1,21.92801886,1,33.45613582,1,22.03060741,1,25.80651902
1,60.99854665,1,37.06828825,1,25.55938228,1,31.58508046,1,23.63349822,1,30.55786316,1,21.24098598
1,39.70323837,1,27.99835238,1,35.86352629,1,24.15138506,1,21.6394317,1,23.63541335,1,21.93100426
1,42.72821962,1,23.22084451,1,21.72053976,0,26.93238896,0,21.4548285,1,22.13268173,1,25.15592305
1,33.1000834,1,31.96698465,1,35.09977982,1,21.83700231,1,30.56811114,1,29.60644941,1,22.46293185
0,31.15410911,1,24.61216598,1,29.60995038,1,23.58435019,1,21.13146504,1,23.75727613,0,23.79028603
0,31.22233552,1,28.49640215,1,23.87072715,1,22.9011392,1,21.14680171,1,20.94565158,1,21.8163613
1,35.01201111,1,27.82866162,1,22.06072774,1,24.26909808,1,23.54252004,1,29.07117558,1,22.56809897
1,61.01815693,1,31.43390075,1,33.63405648,1,25.86209118,1,22.79455973,1,23.05618201,0,23.96610732
1,53.89975178,1,22.60222285,1,24.78619475,1,29.27186734,1,21.05566802,1,23.95574743,1,21.17304372
1,35.68328621,1,28.18839376,1,29.15219272,1,21.55143559,1,25.87159391,1,23.76063732,1,22.87671162
1,45.05326528,1,33.13300891,1,27.96350021,1,28.23730259,1,21.36397244,1,34.54808604,1,22.84329519
1,53.2197619,1,28.13044247,0,23.07191267,1,30.00744116,1,28.70381277,0,20.73759942,1,22.90419116
1,38.29325919,1,25.39014035,0,31.14865433,1,28.37115382,1,20.64497491,1,22.19196563,1,20.9325584
1,54.5533489,1,41.07789307,1,21.31160812,1,24.14518075,1,22.21564482,1,29.44736683,1,22.25238217
1,34.33685495,1,40.87301972,1,24.72779891,0,22.25807212,1,23.43851055,1,30.82574736,1,26.05471115
1,67.82893647,1,33.03548687,1,20.82974397,1,26.65434417,1,20.29670956,1,20.96311367,1,31.95412058
1,39.9114336,0,32.16966107,1,24.16925802,1,27.46324686,1,28.03833979,1,25.75569415,0,22.12115214
1,54.22928139,1,24.59923398,1,23.61090193,1,22.71749161,1,24.12791818,0,23.04668399,1,21.25264048
1,57.12998827,1,24.51774112,1,22.28753737,0,20.53298966,1,21.13523323,1,25.4181225,1,22.75844446
1,42.72803382,1,35.46763048,1,32.22172366,1,21.1060007,1,23.50282019,1,25.17528351,1,25.49407348
1,48.50347709,0,20.38000617,1,23.01892825,0,26.62829787,1,31.97098151,1,24.59271287,1,22.64207943
1,34.48949526,1,28.62316551,1,21.85074416,1,23.60758935,1,30.4159815,1,22.99408935,1,22.1466597
1,42.30266217,1,24.26786408,1,28.6869021,1,20.4478212,1,35.99385015,1,25.04047247,1,30.59999797
1,36.17983389,1,28.2195647,1,20.28134182,1,23.1311124,1,20.93787567,1,22.08243311,1,29.82668437
1,33.86627188,1,28.6427087,0,26.88202995,1,21.8493802,1,25.33841753,0,21.68765449,0,24.81837434
1,43.38845758,1,36.4151339,1,33.74329227,1,31.24601324,1,21.82787047,1,28.03933421,1,21.59785925
1,33.97533158,0,27.98748873,1,25.73273415,1,29.59838411,1,28.15479842,1,31.27722555,1,21.38071111
1,40.70266247,1,26.64005586,1,24.55985093,1,23.95067089,1,22.8077857,1,23.92421704,1,23.04122336
1,59.32380606,1,24.59433411,1,32.11313635,1,24.7545256,1,28.25704444,1,31.3148018,1,19.71950094
1,39.30641058,1,29.52254185,1,26.67174348,1,22.22122744,1,24.28676425,1,30.39301658,1,30.6587045
1,43.17280084,1,34.38292454,1,31.67919077,1,27.25277505,1,22.23440367,1,30.41965822,1,31.59979802
1,35.87941527,1,35.4478599,1,24.07097569,1,22.03166593,1,21.84203662,1,32.72323946,1,21.98844095
1,29.3823164,1,30.69900675,1,24.94057264,1,23.94575838,0,23.76080391,1,35.71971348,1,20.87286027
1,57.07641396,1,35.40389879,0,26.45208026,1,23.3182978,1,27.26061284,1,23.10360775,0,21.80335806
1,41.26278878,0,22.89007137,1,27.50082028,1,27.42955934,1,26.1099301,1,27.34068059,1,23.49306908
1,40.34429414,1,31.09771366,1,21.7376246,1,24.22589779,1,20.4125878,1,22.11955515,1,20.75641102
1,42.89119917,1,30.77994696,1,21.13095837,1,22.456943,1,23.43202303,1,24.42743084,0,21.83758028
1,43.74056942,1,41.2195352,1,23.58214374,1,30.81480589,1,26.29196277,1,21.94945905,0,23.2738904
1,37.89057396,1,27.72115193,1,22.55174664,1,22.33561333,1,22.73188141,1,23.29712478,1,33.76000911
1,36.606014,1,27.07999797,1,25.75942798,1,28.38707728,1,24.61433442,1,24.72055317,1,24.63961259
1,41.38049859,1,33.252319,0,22.93252086,1,28.99102562,1,24.77205077,1,21.2511613,1,24.55101932